Transaction ID,Date,Timestamp,Tax Status,Transaction Type,Refund Type,Product Title,Product ID,Product Type,SKU ID,Hardware,Country of Buyer,Buyer State,Buyer Postal Code,Buyer Currency,Amount (Buyer Currency),Currency Conversion Rate,Merchant Currency,Amount (Merchant Currency),Base Plan ID,Offer ID
GPA.3380-6384-8628-62501,2021-10-01,11:04:32 AM PDT,,Charge,,Character Manager (Complete Reference for DnD 5),com.vansteinengroentjes.apps.ddfive,1,unlockcharactermanager,x1s,GB,,CV2 3PX,GBP,2.97,1.1693,EUR,3.47,,
GPA.3343-6884-1423-78350,2021-10-01,1:40:24 PM PDT,,Charge,,DM Tools (Complete Reference for DnD 5),com.vansteinengroentjes.apps.ddfive,1,premium,HWAGS-Q,US,MI,49327,USD,3.49,0.8621,EUR,3.01,,
GPA.3343-6884-1423-78350,2021-10-01,1:40:24 PM PDT,,Google fee,,DM Tools (Complete Reference for DnD 5),com.vansteinengroentjes.apps.ddfive,1,premium,HWAGS-Q,US,MI,49327,USD,-0.52,0.8621,EUR,-0.45,,
GPA.3324-5518-8717-02774,2021-10-01,2:01:09 PM PDT,,Charge,,DM Tools (Complete Reference for DnD 5),com.vansteinengroentjes.apps.ddfive,1,premium,crownqltesq,US,AZ,85354,USD,3.49,0.8622,EUR,3.01,,
GPA.3324-5518-8717-02774,2021-10-01,2:01:09 PM PDT,,Google fee,,DM Tools (Complete Reference for DnD 5),com.vansteinengroentjes.apps.ddfive,1,premium,crownqltesq,US,AZ,85354,USD,-0.52,0.8622,EUR,-0.45,,
GPA.3308-1293-1423-38419,2021-10-01,4:57:17 PM PDT,,Charge,,Character Manager (Complete Reference for DnD 5),com.vansteinengroentjes.apps.ddfive,1,unlockcharactermanager,beyond2q,US,CA,92840,USD,5.49,0.86255,EUR,4.74,,
GPA.3308-1293-1423-38419,2021-10-01,4:57:17 PM PDT,,Google fee,,Character Manager (Complete Reference for DnD 5),com.vansteinengroentjes.apps.ddfive,1,unlockcharactermanager,beyond2q,US,CA,92840,USD,-0.82,0.86255,EUR,-0.71,,
GPA.3352-5346-3105-76109,2021-10-02,12:12:27 PM PDT,,Charge,,DM Tools (Complete Reference for DnD 5),com.vansteinengroentjes.apps.ddfive,1,premium,o1q,US,IA,50125,USD,3.49,0.86255,EUR,3.01,,
GPA.3352-5346-3105-76109,2021-10-02,12:12:27 PM PDT,,Google fee,,DM Tools (Complete Reference for DnD 5),com.vansteinengroentjes.apps.ddfive,1,premium,o1q,US,IA,50125,USD,-0.52,0.86255,EUR,-0.45,,
GPA.3370-1060-2349-31669,2021-10-02,12:27:03 PM PDT,,Charge,,Character Manager (Complete Reference for DnD 5),com.vansteinengroentjes.apps.ddfive,1,unlockcharactermanager,a20p,US,GA,31535,USD,5.49,0.86255,EUR,4.74,,
GPA.3370-1060-2349-31669,2021-10-02,12:27:03 PM PDT,,Google fee,,Character Manager (Complete Reference for DnD 5),com.vansteinengroentjes.apps.ddfive,1,unlockcharactermanager,a20p,US,GA,31535,USD,-0.82,0.86255,EUR,-0.71,,
GPA.3349-1084-9421-98532,2021-10-02,3:15:13 PM PDT,,Charge,,Character Manager (Complete Reference for DnD 5),com.vansteinengroentjes.apps.ddfive,1,unlockcharactermanager,OnePlus6T,US,NY,13208,USD,5.49,0.86255,EUR,4.74,,
GPA.3349-1084-9421-98532,2021-10-02,3:15:13 PM PDT,,Google fee,,Character Manager (Complete Reference for DnD 5),com.vansteinengroentjes.apps.ddfive,1,unlockcharactermanager,OnePlus6T,US,NY,13208,USD,-0.82,0.86255,EUR,-0.71,,
GPA.3325-1939-9353-68697,2021-10-02,4:22:48 PM PDT,,Charge,,DM Tools (Complete Reference for DnD 5),com.vansteinengroentjes.apps.ddfive,1,premium,crownqltesq,US,VA,23320,USD,3.49,0.86255,EUR,3.01,,
GPA.3325-1939-9353-68697,2021-10-02,4:22:48 PM PDT,,Google fee,,DM Tools (Complete Reference for DnD 5),com.vansteinengroentjes.apps.ddfive,1,premium,crownqltesq,US,VA,23320,USD,-0.52,0.86255,EUR,-0.45,,
GPA.3302-1161-8350-66873,2021-10-03,9:39:30 AM PDT,,Charge,,Character Manager (Complete Reference for DnD 5),com.vansteinengroentjes.apps.ddfive,1,unlockcharactermanager,r8q,US,AR,72131,USD,5.49,0.86255,EUR,4.74,,
GPA.3302-1161-8350-66873,2021-10-03,9:39:30 AM PDT,,Google fee,,Character Manager (Complete Reference for DnD 5),com.vansteinengroentjes.apps.ddfive,1,unlockcharactermanager,r8q,US,AR,72131,USD,-0.82,0.86255,EUR,-0.71,,
GPA.3301-9697-9086-54726,2021-10-03,9:39:40 AM PDT,,Charge,,DM Tools (Complete Reference for DnD 5),com.vansteinengroentjes.apps.ddfive,1,premium,r8q,US,AR,72131,USD,3.49,0.86255,EUR,3.01,,
GPA.3301-9697-9086-54726,2021-10-03,9:39:40 AM PDT,,Google fee,,DM Tools (Complete Reference for DnD 5),com.vansteinengroentjes.apps.ddfive,1,premium,r8q,US,AR,72131,USD,-0.52,0.86255,EUR,-0.45,,
GPA.3323-4558-5944-52516,2021-10-03,10:58:30 AM PDT,,Charge,,DM Tools (Complete Reference for DnD 5),com.vansteinengroentjes.apps.ddfive,1,premium,FP3,CH,,1323,CHF,3.4,0.92638,EUR,3.15,,
GPA.3323-4558-5944-52516,2021-10-03,10:58:30 AM PDT,,Google fee,,DM Tools (Complete Reference for DnD 5),com.vansteinengroentjes.apps.ddfive,1,premium,FP3,CH,,1323,CHF,-0.51,0.92638,EUR,-0.47,,
GPA.3398-4752-3413-33263,2021-10-03,12:06:29 PM PDT,,Charge,,DM Tools (Complete Reference for DnD 5),com.vansteinengroentjes.apps.ddfive,1,premium,j4lte,US,FL,33134,USD,3.49,0.86225,EUR,3.01,,
GPA.3398-4752-3413-33263,2021-10-03,12:06:29 PM PDT,,Google fee,,DM Tools (Complete Reference for DnD 5),com.vansteinengroentjes.apps.ddfive,1,premium,j4lte,US,FL,33134,USD,-0.52,0.86225,EUR,-0.45,,
GPA.3343-4172-9342-05497,2021-10-03,4:06:10 PM PDT,,Charge,,Character Manager (Complete Reference for DnD 5),com.vansteinengroentjes.apps.ddfive,1,unlockcharactermanager,greatqlte,US,CO,80218,USD,5.49,0.86225,EUR,4.73,,
GPA.3343-4172-9342-05497,2021-10-03,4:06:10 PM PDT,,Google fee,,Character Manager (Complete Reference for DnD 5),com.vansteinengroentjes.apps.ddfive,1,unlockcharactermanager,greatqlte,US,CO,80218,USD,-0.82,0.86225,EUR,-0.71,,
GPA.3380-0601-4399-82009,2021-10-03,4:59:14 PM PDT,,Charge,,Character Manager (Complete Reference for DnD 5),com.vansteinengroentjes.apps.ddfive,1,unlockcharactermanager,timelm,US,MD,21122,USD,5.49,0.86225,EUR,4.73,,
GPA.3380-0601-4399-82009,2021-10-03,4:59:14 PM PDT,,Google fee,,Character Manager (Complete Reference for DnD 5),com.vansteinengroentjes.apps.ddfive,1,unlockcharactermanager,timelm,US,MD,21122,USD,-0.82,0.86225,EUR,-0.71,,
GPA.3310-2029-8171-86615,2021-10-03,5:23:55 PM PDT,,Charge,,Character Manager (Complete Reference for DnD 5),com.vansteinengroentjes.apps.ddfive,1,unlockcharactermanager,p3q,US,UT,84404,USD,5.49,0.8615,EUR,4.73,,
GPA.3310-2029-8171-86615,2021-10-03,5:23:55 PM PDT,,Google fee,,Character Manager (Complete Reference for DnD 5),com.vansteinengroentjes.apps.ddfive,1,unlockcharactermanager,p3q,US,UT,84404,USD,-0.82,0.8615,EUR,-0.71,,
GPA.3397-6366-7093-62368,2021-10-03,6:43:29 PM PDT,,Charge,,DM Tools (Complete Reference for DnD 5),com.vansteinengroentjes.apps.ddfive,1,premium,alphalm,US,AL,35661,USD,3.49,0.86155,EUR,3.01,,
GPA.3397-6366-7093-62368,2021-10-03,6:43:29 PM PDT,,Google fee,,DM Tools (Complete Reference for DnD 5),com.vansteinengroentjes.apps.ddfive,1,premium,alphalm,US,AL,35661,USD,-0.52,0.86155,EUR,-0.45,,
GPA.3362-4356-3474-16831,2021-10-03,11:27:39 PM PDT,,Charge,,Character Manager (Complete Reference for DnD 5),com.vansteinengroentjes.apps.ddfive,1,unlockcharactermanager,c1q,US,NV,89431,USD,5.49,0.8623,EUR,4.73,,
GPA.3362-4356-3474-16831,2021-10-03,11:27:39 PM PDT,,Google fee,,Character Manager (Complete Reference for DnD 5),com.vansteinengroentjes.apps.ddfive,1,unlockcharactermanager,c1q,US,NV,89431,USD,-0.82,0.8623,EUR,-0.71,,
GPA.3334-0315-7998-99809,2021-10-04,7:06:35 PM PDT,,Charge,,DM Tools (Complete Reference for DnD 5),com.vansteinengroentjes.apps.ddfive,1,premium,a50,US,TX,76541,USD,3.49,0.86115,EUR,3.01,,
GPA.3334-0315-7998-99809,2021-10-04,7:06:35 PM PDT,,Google fee,,DM Tools (Complete Reference for DnD 5),com.vansteinengroentjes.apps.ddfive,1,premium,a50,US,TX,76541,USD,-0.52,0.86115,EUR,-0.45,,
GPA.3376-2256-0868-19422,2021-10-05,3:25:56 PM PDT,,Charge,,DM Tools (Complete Reference for DnD 5),com.vansteinengroentjes.apps.ddfive,1,premium,gts7xl,US,NY,14141,USD,3.49,0.86185,EUR,3.01,,
GPA.3376-2256-0868-19422,2021-10-05,3:25:56 PM PDT,,Google fee,,DM Tools (Complete Reference for DnD 5),com.vansteinengroentjes.apps.ddfive,1,premium,gts7xl,US,NY,14141,USD,-0.52,0.86185,EUR,-0.45,,
GPA.3303-3293-2940-67111,2021-10-06,1:03:34 PM PDT,,Charge,,DM Tools (Complete Reference for DnD 5),com.vansteinengroentjes.apps.ddfive,1,premium,c1q,US,NY,13440,USD,3.49,0.86575,EUR,3.02,,
GPA.3303-3293-2940-67111,2021-10-06,1:03:34 PM PDT,,Google fee,,DM Tools (Complete Reference for DnD 5),com.vansteinengroentjes.apps.ddfive,1,premium,c1q,US,NY,13440,USD,-0.52,0.86575,EUR,-0.45,,
GPA.3344-4834-2754-91333,2021-10-06,3:24:03 PM PDT,,Charge,,DM Tools (Complete Reference for DnD 5),com.vansteinengroentjes.apps.ddfive,1,premium,bonito,US,IL,61352,USD,3.49,0.86535,EUR,3.02,,
GPA.3344-4834-2754-91333,2021-10-06,3:24:03 PM PDT,,Google fee,,DM Tools (Complete Reference for DnD 5),com.vansteinengroentjes.apps.ddfive,1,premium,bonito,US,IL,61352,USD,-0.52,0.86535,EUR,-0.45,,
GPA.3399-7450-5043-73838,2021-10-06,3:45:44 PM PDT,,Charge,,Character Manager (Complete Reference for DnD 5),com.vansteinengroentjes.apps.ddfive,1,unlockcharactermanager,beyond0q,US,VA,22025,USD,5.49,0.86535,EUR,4.75,,
GPA.3399-7450-5043-73838,2021-10-06,3:45:44 PM PDT,,Google fee,,Character Manager (Complete Reference for DnD 5),com.vansteinengroentjes.apps.ddfive,1,unlockcharactermanager,beyond0q,US,VA,22025,USD,-0.82,0.86535,EUR,-0.71,,
GPA.3368-7393-4937-25484,2021-10-06,11:57:56 PM PDT,,Charge,,Character Manager (Complete Reference for DnD 5),com.vansteinengroentjes.apps.ddfive,1,unlockcharactermanager,t2q,US,NY,10304,USD,5.49,0.8654,EUR,4.75,,
GPA.3368-7393-4937-25484,2021-10-06,11:57:56 PM PDT,,Google fee,,Character Manager (Complete Reference for DnD 5),com.vansteinengroentjes.apps.ddfive,1,unlockcharactermanager,t2q,US,NY,10304,USD,-0.82,0.8654,EUR,-0.71,,
GPA.3327-0322-1526-89184,2021-10-07,1:24:44 PM PDT,,Charge,,Character Manager (Complete Reference for DnD 5),com.vansteinengroentjes.apps.ddfive,1,unlockcharactermanager,z3q,US,RI,02895,USD,5.49,0.8656,EUR,4.75,,
GPA.3327-0322-1526-89184,2021-10-07,1:24:44 PM PDT,,Google fee,,Character Manager (Complete Reference for DnD 5),com.vansteinengroentjes.apps.ddfive,1,unlockcharactermanager,z3q,US,RI,02895,USD,-0.82,0.8656,EUR,-0.71,,
GPA.3315-2876-2581-54209,2021-10-07,1:24:57 PM PDT,,Charge,,DM Tools (Complete Reference for DnD 5),com.vansteinengroentjes.apps.ddfive,1,premium,z3q,US,RI,02895,USD,3.49,0.8656,EUR,3.02,,
GPA.3315-2876-2581-54209,2021-10-07,1:24:57 PM PDT,,Google fee,,DM Tools (Complete Reference for DnD 5),com.vansteinengroentjes.apps.ddfive,1,premium,z3q,US,RI,02895,USD,-0.52,0.8656,EUR,-0.45,,
GPA.3376-8435-2246-54211,2021-10-07,2:05:23 PM PDT,,Charge,,Character Manager (Complete Reference for DnD 5),com.vansteinengroentjes.apps.ddfive,1,unlockcharactermanager,surfna,US,MA,01027,USD,5.49,0.8655,EUR,4.75,,
GPA.3376-8435-2246-54211,2021-10-07,2:05:23 PM PDT,,Google fee,,Character Manager (Complete Reference for DnD 5),com.vansteinengroentjes.apps.ddfive,1,unlockcharactermanager,surfna,US,MA,01027,USD,-0.82,0.8655,EUR,-0.71,,
GPA.3371-3666-0275-33637,2021-10-07,2:05:37 PM PDT,,Charge,,DM Tools (Complete Reference for DnD 5),com.vansteinengroentjes.apps.ddfive,1,premium,surfna,US,MA,01027,USD,3.49,0.8655,EUR,3.02,,
GPA.3371-3666-0275-33637,2021-10-07,2:05:37 PM PDT,,Google fee,,DM Tools (Complete Reference for DnD 5),com.vansteinengroentjes.apps.ddfive,1,premium,surfna,US,MA,01027,USD,-0.52,0.8655,EUR,-0.45,,
GPA.3360-8223-0226-18584,2021-10-07,2:08:25 PM PDT,,Charge,,Character Manager (Complete Reference for DnD 5),com.vansteinengroentjes.apps.ddfive,1,unlockcharactermanager,HWVNS-H,IT,CO,22020,EUR,3.48,1.0,EUR,3.48,,
GPA.3351-1220-6161-65558,2021-10-07,2:08:37 PM PDT,,Charge,,DM Tools (Complete Reference for DnD 5),com.vansteinengroentjes.apps.ddfive,1,premium,HWVNS-H,IT,CO,22020,EUR,2.08,1.0,EUR,2.08,,
GPA.3339-0509-0502-68511,2021-10-07,2:43:00 PM PDT,,Charge,,Character Manager (Complete Reference for DnD 5),com.vansteinengroentjes.apps.ddfive,1,unlockcharactermanager,ASUS_I006D,DE,,99085,EUR,3.56,1.0,EUR,3.56,,
GPA.3339-0509-0502-68511,2021-10-07,2:49:37 PM PDT,,Charge refund,Full,Character Manager (Complete Reference for DnD 5),com.vansteinengroentjes.apps.ddfive,1,unlockcharactermanager,ASUS_I006D,DE,,99085,EUR,-3.56,1.0,EUR,-3.56,,
GPA.3326-2046-2661-23010,2021-10-07,7:47:43 PM PDT,,Charge,,DM Tools (Complete Reference for DnD 5),com.vansteinengroentjes.apps.ddfive,1,premium,blueline,US,OH,45750,USD,3.49,0.8652,EUR,3.02,,
GPA.3326-2046-2661-23010,2021-10-07,7:47:43 PM PDT,,Google fee,,DM Tools (Complete Reference for DnD 5),com.vansteinengroentjes.apps.ddfive,1,premium,blueline,US,OH,45750,USD,-0.52,0.8652,EUR,-0.45,,
GPA.3318-3705-4506-84092,2021-10-07,7:48:08 PM PDT,,Charge,,Character Manager (Complete Reference for DnD 5),com.vansteinengroentjes.apps.ddfive,1,unlockcharactermanager,blueline,US,OH,45750,USD,5.49,0.8652,EUR,4.75,,
GPA.3318-3705-4506-84092,2021-10-07,7:48:08 PM PDT,,Google fee,,Character Manager (Complete Reference for DnD 5),com.vansteinengroentjes.apps.ddfive,1,unlockcharactermanager,blueline,US,OH,45750,USD,-0.82,0.8652,EUR,-0.71,,
GPA.3385-1347-6925-85377,2021-10-08,7:07:21 AM PDT,,Charge,,DM Tools (Complete Reference for DnD 5),com.vansteinengroentjes.apps.ddfive,1,premium,a12u,US,IA,50702,USD,3.49,0.8641,EUR,3.02,,
GPA.3385-1347-6925-85377,2021-10-08,7:07:21 AM PDT,,Google fee,,DM Tools (Complete Reference for DnD 5),com.vansteinengroentjes.apps.ddfive,1,premium,a12u,US,IA,50702,USD,-0.52,0.8641,EUR,-0.45,,
GPA.3351-5843-8666-51765,2021-10-08,12:06:33 PM PDT,,Charge,,Character Manager (Complete Reference for DnD 5),com.vansteinengroentjes.apps.ddfive,1,unlockcharactermanager,HWSNE,RU,Москва,117041,RUB,299.17,0.012027,EUR,3.6,,
GPA.3351-5843-8666-51765,2021-10-08,12:06:33 PM PDT,,Google fee,,Character Manager (Complete Reference for DnD 5),com.vansteinengroentjes.apps.ddfive,1,unlockcharactermanager,HWSNE,RU,Москва,117041,RUB,-44.88,0.012027,EUR,-0.54,,
GPA.3397-8912-1664-64171,2021-10-08,3:52:42 PM PDT,,Charge,,DM Tools (Complete Reference for DnD 5),com.vansteinengroentjes.apps.ddfive,1,premium,X606F,US,OH,43451,USD,3.49,0.864,EUR,3.02,,
GPA.3397-8912-1664-64171,2021-10-08,3:52:42 PM PDT,,Google fee,,DM Tools (Complete Reference for DnD 5),com.vansteinengroentjes.apps.ddfive,1,premium,X606F,US,OH,43451,USD,-0.52,0.864,EUR,-0.45,,
GPA.3370-1084-1886-00134,2021-10-08,5:53:03 PM PDT,,Charge,,DM Tools (Complete Reference for DnD 5),com.vansteinengroentjes.apps.ddfive,1,premium,a70q,DE,,72770,EUR,2.13,1.0,EUR,2.13,,
GPA.3333-9197-1565-34061,2021-10-08,10:20:22 PM PDT,,Charge,,Character Manager (Complete Reference for DnD 5),com.vansteinengroentjes.apps.ddfive,1,unlockcharactermanager,gta3xlwifi,MX,,45086,MXN,93.97,0.041738,EUR,3.92,,
GPA.3333-9197-1565-34061,2021-10-08,10:20:22 PM PDT,,Google fee,,Character Manager (Complete Reference for DnD 5),com.vansteinengroentjes.apps.ddfive,1,unlockcharactermanager,gta3xlwifi,MX,,45086,MXN,-14.1,0.041738,EUR,-0.59,,
GPA.3383-8486-5252-18906,2021-10-09,9:47:23 AM PDT,,Charge,,Character Manager (Complete Reference for DnD 5),com.vansteinengroentjes.apps.ddfive,1,unlockcharactermanager,c2q,US,IN,46805,USD,5.49,0.864,EUR,4.74,,
GPA.3383-8486-5252-18906,2021-10-09,9:47:23 AM PDT,,Google fee,,Character Manager (Complete Reference for DnD 5),com.vansteinengroentjes.apps.ddfive,1,unlockcharactermanager,c2q,US,IN,46805,USD,-0.82,0.864,EUR,-0.71,,
GPA.3327-0920-8738-10853,2021-10-09,11:05:02 AM PDT,,Charge,,DM Tools (Complete Reference for DnD 5),com.vansteinengroentjes.apps.ddfive,1,premium,c1q,US,OR,97123,USD,3.49,0.864,EUR,3.02,,
GPA.3327-0920-8738-10853,2021-10-09,11:05:02 AM PDT,,Google fee,,DM Tools (Complete Reference for DnD 5),com.vansteinengroentjes.apps.ddfive,1,premium,c1q,US,OR,97123,USD,-0.52,0.864,EUR,-0.45,,
GPA.3380-8922-7122-80021,2021-10-09,12:57:31 PM PDT,,Charge,,Character Manager (Complete Reference for DnD 5),com.vansteinengroentjes.apps.ddfive,1,unlockcharactermanager,mdh50lm,US,MI,48867,USD,5.49,0.864,EUR,4.74,,
GPA.3380-8922-7122-80021,2021-10-09,12:57:31 PM PDT,,Google fee,,Character Manager (Complete Reference for DnD 5),com.vansteinengroentjes.apps.ddfive,1,unlockcharactermanager,mdh50lm,US,MI,48867,USD,-0.82,0.864,EUR,-0.71,,
GPA.3331-8569-6144-70773,2021-10-09,5:01:58 PM PDT,,Charge,,Character Manager (Complete Reference for DnD 5),com.vansteinengroentjes.apps.ddfive,1,unlockcharactermanager,a71xq,US,MI,48170,USD,5.49,0.864,EUR,4.74,,
GPA.3331-8569-6144-70773,2021-10-09,5:01:58 PM PDT,,Google fee,,Character Manager (Complete Reference for DnD 5),com.vansteinengroentjes.apps.ddfive,1,unlockcharactermanager,a71xq,US,MI,48170,USD,-0.82,0.864,EUR,-0.71,,
GPA.3318-6351-4004-12225,2021-10-09,6:04:59 PM PDT,,Charge,,Character Manager (Complete Reference for DnD 5),com.vansteinengroentjes.apps.ddfive,1,unlockcharactermanager,taimen,US,CO,80634,USD,5.49,0.864,EUR,4.74,,
GPA.3318-6351-4004-12225,2021-10-09,6:04:59 PM PDT,,Google fee,,Character Manager (Complete Reference for DnD 5),com.vansteinengroentjes.apps.ddfive,1,unlockcharactermanager,taimen,US,CO,80634,USD,-0.82,0.864,EUR,-0.71,,
GPA.3388-6233-8938-19365,2021-10-09,6:25:26 PM PDT,,Charge,,DM Tools (Complete Reference for DnD 5),com.vansteinengroentjes.apps.ddfive,1,premium,timelm,US,GA,31314,USD,3.49,0.864,EUR,3.02,,
GPA.3388-6233-8938-19365,2021-10-09,6:25:26 PM PDT,,Google fee,,DM Tools (Complete Reference for DnD 5),com.vansteinengroentjes.apps.ddfive,1,premium,timelm,US,GA,31314,USD,-0.52,0.864,EUR,-0.45,,
GPA.3306-8364-4843-69220,2021-10-09,8:00:55 PM PDT,,Charge,,Character Manager (Complete Reference for DnD 5),com.vansteinengroentjes.apps.ddfive,1,unlockcharactermanager,ASUS_A006,US,TN,37167,USD,5.49,0.864,EUR,4.74,,
GPA.3306-8364-4843-69220,2021-10-09,8:00:55 PM PDT,,Google fee,,Character Manager (Complete Reference for DnD 5),com.vansteinengroentjes.apps.ddfive,1,unlockcharactermanager,ASUS_A006,US,TN,37167,USD,-0.82,0.864,EUR,-0.71,,
GPA.3312-7208-0631-38777,2021-10-09,11:01:48 PM PDT,,Charge,,Character Manager (Complete Reference for DnD 5),com.vansteinengroentjes.apps.ddfive,1,unlockcharactermanager,Porto,US,ID,83202,USD,5.49,0.864,EUR,4.74,,
GPA.3312-7208-0631-38777,2021-10-09,11:01:48 PM PDT,,Google fee,,Character Manager (Complete Reference for DnD 5),com.vansteinengroentjes.apps.ddfive,1,unlockcharactermanager,Porto,US,ID,83202,USD,-0.82,0.864,EUR,-0.71,,
GPA.3388-0230-6623-89371,2021-10-09,11:02:06 PM PDT,,Charge,,DM Tools (Complete Reference for DnD 5),com.vansteinengroentjes.apps.ddfive,1,premium,Porto,US,ID,83202,USD,3.49,0.864,EUR,3.02,,
GPA.3388-0230-6623-89371,2021-10-09,11:02:06 PM PDT,,Google fee,,DM Tools (Complete Reference for DnD 5),com.vansteinengroentjes.apps.ddfive,1,premium,Porto,US,ID,83202,USD,-0.52,0.864,EUR,-0.45,,
GPA.3378-6476-2422-51683,2021-10-10,7:35:10 AM PDT,,Charge,,Character Manager (Complete Reference for DnD 5),com.vansteinengroentjes.apps.ddfive,1,unlockcharactermanager,foles,US,UT,84108,USD,5.49,0.864,EUR,4.74,,
GPA.3378-6476-2422-51683,2021-10-10,7:35:10 AM PDT,,Google fee,,Character Manager (Complete Reference for DnD 5),com.vansteinengroentjes.apps.ddfive,1,unlockcharactermanager,foles,US,UT,84108,USD,-0.82,0.864,EUR,-0.71,,
GPA.3381-5359-4490-17431,2021-10-10,7:42:30 AM PDT,,Charge,,Character Manager (Complete Reference for DnD 5),com.vansteinengroentjes.apps.ddfive,1,unlockcharactermanager,a50,US,KS,66062,USD,5.49,0.864,EUR,4.74,,
GPA.3381-5359-4490-17431,2021-10-10,7:42:30 AM PDT,,Google fee,,Character Manager (Complete Reference for DnD 5),com.vansteinengroentjes.apps.ddfive,1,unlockcharactermanager,a50,US,KS,66062,USD,-0.82,0.864,EUR,-0.71,,
GPA.3303-6450-9448-94687,2021-10-10,11:42:39 AM PDT,,Charge,,DM Tools (Complete Reference for DnD 5),com.vansteinengroentjes.apps.ddfive,1,premium,mdh30xlm,US,FL,32960,USD,3.49,0.864,EUR,3.02,,
GPA.3303-6450-9448-94687,2021-10-10,11:42:39 AM PDT,,Google fee,,DM Tools (Complete Reference for DnD 5),com.vansteinengroentjes.apps.ddfive,1,premium,mdh30xlm,US,FL,32960,USD,-0.52,0.864,EUR,-0.45,,
GPA.3331-5250-7302-02573,2021-10-10,3:50:08 PM PDT,,Charge,,DM Tools (Complete Reference for DnD 5),com.vansteinengroentjes.apps.ddfive,1,premium,CPH1909,TR,BURSA,16000,TRY,16.09,0.096456,EUR,1.55,,
GPA.3331-5250-7302-02573,2021-10-10,3:50:08 PM PDT,,Google fee,,DM Tools (Complete Reference for DnD 5),com.vansteinengroentjes.apps.ddfive,1,premium,CPH1909,TR,BURSA,16000,TRY,-2.41,0.096456,EUR,-0.23,,
GPA.3347-4433-7997-57367,2021-10-10,4:36:53 PM PDT,,Charge,,DM Tools (Complete Reference for DnD 5),com.vansteinengroentjes.apps.ddfive,1,premium,beyond1q,US,TX,76708,USD,3.49,0.86395,EUR,3.02,,
GPA.3347-4433-7997-57367,2021-10-10,4:36:53 PM PDT,,Google fee,,DM Tools (Complete Reference for DnD 5),com.vansteinengroentjes.apps.ddfive,1,premium,beyond1q,US,TX,76708,USD,-0.52,0.86395,EUR,-0.45,,
GPA.3359-8186-2874-87321,2021-10-10,7:01:09 PM PDT,,Charge,,DM Tools (Complete Reference for DnD 5),com.vansteinengroentjes.apps.ddfive,1,premium,parker,US,KY,42450,USD,3.49,0.86395,EUR,3.02,,
GPA.3359-8186-2874-87321,2021-10-10,7:01:09 PM PDT,,Google fee,,DM Tools (Complete Reference for DnD 5),com.vansteinengroentjes.apps.ddfive,1,premium,parker,US,KY,42450,USD,-0.52,0.86395,EUR,-0.45,,
GPA.3308-1525-8938-00072,2021-10-10,7:09:35 PM PDT,,Charge,,Character Manager (Complete Reference for DnD 5),com.vansteinengroentjes.apps.ddfive,1,unlockcharactermanager,starqltesq,US,IL,60126,USD,5.49,0.86395,EUR,4.74,,
GPA.3308-1525-8938-00072,2021-10-10,7:09:35 PM PDT,,Google fee,,Character Manager (Complete Reference for DnD 5),com.vansteinengroentjes.apps.ddfive,1,unlockcharactermanager,starqltesq,US,IL,60126,USD,-0.82,0.86395,EUR,-0.71,,
GPA.3386-1783-4479-98533,2021-10-10,7:34:29 PM PDT,,Charge,,Character Manager (Complete Reference for DnD 5),com.vansteinengroentjes.apps.ddfive,1,unlockcharactermanager,a71xq,US,PA,15946,USD,5.49,0.86395,EUR,4.74,,
GPA.3386-1783-4479-98533,2021-10-10,7:34:29 PM PDT,,Google fee,,Character Manager (Complete Reference for DnD 5),com.vansteinengroentjes.apps.ddfive,1,unlockcharactermanager,a71xq,US,PA,15946,USD,-0.82,0.86395,EUR,-0.71,,
GPA.3393-5250-6635-64995,2021-10-11,4:20:11 AM PDT,,Charge,,Character Manager (Complete Reference for DnD 5),com.vansteinengroentjes.apps.ddfive,1,unlockcharactermanager,coral,US,OR,97526,USD,5.49,0.8653,EUR,4.75,,
GPA.3393-5250-6635-64995,2021-10-11,4:20:11 AM PDT,,Google fee,,Character Manager (Complete Reference for DnD 5),com.vansteinengroentjes.apps.ddfive,1,unlockcharactermanager,coral,US,OR,97526,USD,-0.82,0.8653,EUR,-0.71,,
GPA.3315-0953-0972-62136,2021-10-11,5:12:15 AM PDT,,Charge,,DM Tools (Complete Reference for DnD 5),com.vansteinengroentjes.apps.ddfive,1,premium,a51x,US,MO,65051,USD,3.49,0.86485,EUR,3.02,,
GPA.3315-0953-0972-62136,2021-10-11,5:12:15 AM PDT,,Google fee,,DM Tools (Complete Reference for DnD 5),com.vansteinengroentjes.apps.ddfive,1,premium,a51x,US,MO,65051,USD,-0.52,0.86485,EUR,-0.45,,
GPA.3397-9295-9483-67268,2021-10-11,6:54:31 AM PDT,,Charge,,Character Manager (Complete Reference for DnD 5),com.vansteinengroentjes.apps.ddfive,1,unlockcharactermanager,kltetfnvzw,US,FL,32701,USD,5.49,0.8644,EUR,4.75,,
GPA.3397-9295-9483-67268,2021-10-11,6:54:31 AM PDT,,Google fee,,Character Manager (Complete Reference for DnD 5),com.vansteinengroentjes.apps.ddfive,1,unlockcharactermanager,kltetfnvzw,US,FL,32701,USD,-0.82,0.8644,EUR,-0.71,,
GPA.3369-0699-3611-50720,2021-10-11,7:12:09 AM PDT,,Charge,,DM Tools (Complete Reference for DnD 5),com.vansteinengroentjes.apps.ddfive,1,premium,kltetfnvzw,US,FL,32701,USD,3.49,0.8648,EUR,3.02,,
GPA.3369-0699-3611-50720,2021-10-11,7:12:09 AM PDT,,Google fee,,DM Tools (Complete Reference for DnD 5),com.vansteinengroentjes.apps.ddfive,1,premium,kltetfnvzw,US,FL,32701,USD,-0.52,0.8648,EUR,-0.45,,
GPA.3308-8059-0233-98145,2021-10-11,7:13:04 AM PDT,,Charge,,DM Tools (Complete Reference for DnD 5),com.vansteinengroentjes.apps.ddfive,1,premium,o1s,GB,,DE119JZ,GBP,1.84,1.1781,EUR,2.17,,
GPA.3352-7608-8567-83111,2021-10-11,7:13:26 AM PDT,,Charge,,Character Manager (Complete Reference for DnD 5),com.vansteinengroentjes.apps.ddfive,1,unlockcharactermanager,o1s,GB,,DE119JZ,GBP,2.97,1.1781,EUR,3.5,,
GPA.3381-2924-8392-40407,2021-10-11,11:06:40 AM PDT,,Charge,,Character Manager (Complete Reference for DnD 5),com.vansteinengroentjes.apps.ddfive,1,unlockcharactermanager,gts6lwifi,DE,,40764,EUR,3.56,1.0,EUR,3.56,,
GPA.3310-3788-1437-96323,2021-10-11,3:48:40 PM PDT,,Charge,,DM Tools (Complete Reference for DnD 5),com.vansteinengroentjes.apps.ddfive,1,premium,greatqlte,US,NC,28684,USD,3.49,0.86555,EUR,3.02,,
GPA.3310-3788-1437-96323,2021-10-11,3:48:40 PM PDT,,Google fee,,DM Tools (Complete Reference for DnD 5),com.vansteinengroentjes.apps.ddfive,1,premium,greatqlte,US,NC,28684,USD,-0.52,0.86555,EUR,-0.45,,
GPA.3310-0204-6846-62520,2021-10-11,5:06:58 PM PDT,,Charge,,DM Tools (Complete Reference for DnD 5),com.vansteinengroentjes.apps.ddfive,1,premium,OnePlus8TTMO,US,OR,97005,USD,3.49,0.86585,EUR,3.02,,
GPA.3310-0204-6846-62520,2021-10-11,5:06:58 PM PDT,,Google fee,,DM Tools (Complete Reference for DnD 5),com.vansteinengroentjes.apps.ddfive,1,premium,OnePlus8TTMO,US,OR,97005,USD,-0.52,0.86585,EUR,-0.45,,
GPA.3365-5741-3280-42619,2021-10-11,5:35:16 PM PDT,,Charge,,DM Tools (Complete Reference for DnD 5),com.vansteinengroentjes.apps.ddfive,1,premium,OnePlus8TTMO,US,AR,72740,USD,3.49,0.86585,EUR,3.02,,
GPA.3365-5741-3280-42619,2021-10-11,5:35:16 PM PDT,,Google fee,,DM Tools (Complete Reference for DnD 5),com.vansteinengroentjes.apps.ddfive,1,premium,OnePlus8TTMO,US,AR,72740,USD,-0.52,0.86585,EUR,-0.45,,
GPA.3383-7438-2602-71809,2021-10-11,7:24:18 PM PDT,,Charge,,DM Tools (Complete Reference for DnD 5),com.vansteinengroentjes.apps.ddfive,1,premium,PIXI5-8_4G_TMO,US,OH,43537,USD,3.49,0.8658,EUR,3.02,,
GPA.3383-7438-2602-71809,2021-10-11,7:24:18 PM PDT,,Google fee,,DM Tools (Complete Reference for DnD 5),com.vansteinengroentjes.apps.ddfive,1,premium,PIXI5-8_4G_TMO,US,OH,43537,USD,-0.52,0.8658,EUR,-0.45,,
GPA.3328-3462-6752-38707,2021-10-11,7:24:42 PM PDT,,Charge,,Character Manager (Complete Reference for DnD 5),com.vansteinengroentjes.apps.ddfive,1,unlockcharactermanager,PIXI5-8_4G_TMO,US,OH,43537,USD,5.49,0.8658,EUR,4.75,,
GPA.3328-3462-6752-38707,2021-10-11,7:24:42 PM PDT,,Google fee,,Character Manager (Complete Reference for DnD 5),com.vansteinengroentjes.apps.ddfive,1,unlockcharactermanager,PIXI5-8_4G_TMO,US,OH,43537,USD,-0.82,0.8658,EUR,-0.71,,
GPA.3335-6225-3016-11749,2021-10-11,10:29:03 PM PDT,,Charge,,Character Manager (Complete Reference for DnD 5),com.vansteinengroentjes.apps.ddfive,1,unlockcharactermanager,OnePlus6T,US,MI,49506,USD,5.49,0.8651,EUR,4.75,,
GPA.3335-6225-3016-11749,2021-10-11,10:29:03 PM PDT,,Google fee,,Character Manager (Complete Reference for DnD 5),com.vansteinengroentjes.apps.ddfive,1,unlockcharactermanager,OnePlus6T,US,MI,49506,USD,-0.82,0.8651,EUR,-0.71,,
GPA.3381-2924-8392-40407,2021-10-12,5:41:16 AM PDT,,Charge refund,Full,Character Manager (Complete Reference for DnD 5),com.vansteinengroentjes.apps.ddfive,1,unlockcharactermanager,gts6lwifi,DE,,40764,EUR,-3.56,1.0,EUR,-3.56,,
GPA.3332-4626-4749-51822,2021-10-12,8:01:49 AM PDT,,Charge,,Character Manager (Complete Reference for DnD 5),com.vansteinengroentjes.apps.ddfive,1,unlockcharactermanager,cruiserlteatt,US,IN,47711,USD,5.49,0.8663,EUR,4.76,,
GPA.3332-4626-4749-51822,2021-10-12,8:01:49 AM PDT,,Google fee,,Character Manager (Complete Reference for DnD 5),com.vansteinengroentjes.apps.ddfive,1,unlockcharactermanager,cruiserlteatt,US,IN,47711,USD,-0.82,0.8663,EUR,-0.71,,
GPA.3383-0057-2451-32048,2021-10-12,8:35:58 AM PDT,,Charge,,DM Tools (Complete Reference for DnD 5),com.vansteinengroentjes.apps.ddfive,1,premium,a01q,US,TN,37863,USD,3.49,0.8663,EUR,3.02,,
GPA.3383-0057-2451-32048,2021-10-12,8:35:58 AM PDT,,Google fee,,DM Tools (Complete Reference for DnD 5),com.vansteinengroentjes.apps.ddfive,1,premium,a01q,US,TN,37863,USD,-0.52,0.8663,EUR,-0.45,,
GPA.3333-7192-2819-89414,2021-10-12,8:43:33 AM PDT,,Charge,,DM Tools (Complete Reference for DnD 5),com.vansteinengroentjes.apps.ddfive,1,premium,p3q,US,OK,74854,USD,3.49,0.8663,EUR,3.02,,
GPA.3333-7192-2819-89414,2021-10-12,8:43:33 AM PDT,,Google fee,,DM Tools (Complete Reference for DnD 5),com.vansteinengroentjes.apps.ddfive,1,premium,p3q,US,OK,74854,USD,-0.52,0.8663,EUR,-0.45,,
GPA.3344-3761-2799-71961,2021-10-12,9:43:04 AM PDT,,Charge,,Character Manager (Complete Reference for DnD 5),com.vansteinengroentjes.apps.ddfive,1,unlockcharactermanager,timelm,US,PA,18109,USD,5.49,0.866,EUR,4.75,,
GPA.3344-3761-2799-71961,2021-10-12,9:43:04 AM PDT,,Google fee,,Character Manager (Complete Reference for DnD 5),com.vansteinengroentjes.apps.ddfive,1,unlockcharactermanager,timelm,US,PA,18109,USD,-0.82,0.866,EUR,-0.71,,
GPA.3362-3452-9425-66555,2021-10-12,9:43:17 AM PDT,,Charge,,DM Tools (Complete Reference for DnD 5),com.vansteinengroentjes.apps.ddfive,1,premium,timelm,US,PA,18109,USD,3.49,0.866,EUR,3.02,,
GPA.3362-3452-9425-66555,2021-10-12,9:43:17 AM PDT,,Google fee,,DM Tools (Complete Reference for DnD 5),com.vansteinengroentjes.apps.ddfive,1,premium,timelm,US,PA,18109,USD,-0.52,0.866,EUR,-0.45,,
GPA.3358-6648-0551-45233,2021-10-12,10:51:40 AM PDT,,Charge,,Character Manager (Complete Reference for DnD 5),com.vansteinengroentjes.apps.ddfive,1,unlockcharactermanager,star2qltesq,US,OH,45502,USD,5.49,0.86655,EUR,4.76,,
GPA.3358-6648-0551-45233,2021-10-12,10:51:40 AM PDT,,Google fee,,Character Manager (Complete Reference for DnD 5),com.vansteinengroentjes.apps.ddfive,1,unlockcharactermanager,star2qltesq,US,OH,45502,USD,-0.82,0.86655,EUR,-0.71,,
GPA.3315-8055-9874-55004,2021-10-12,10:51:49 AM PDT,,Charge,,DM Tools (Complete Reference for DnD 5),com.vansteinengroentjes.apps.ddfive,1,premium,star2qltesq,US,OH,45502,USD,3.49,0.86655,EUR,3.02,,
GPA.3315-8055-9874-55004,2021-10-12,10:51:49 AM PDT,,Google fee,,DM Tools (Complete Reference for DnD 5),com.vansteinengroentjes.apps.ddfive,1,premium,star2qltesq,US,OH,45502,USD,-0.52,0.86655,EUR,-0.45,,
GPA.3318-3400-4517-32661,2021-10-12,11:56:35 AM PDT,,Charge,,Character Manager (Complete Reference for DnD 5),com.vansteinengroentjes.apps.ddfive,1,unlockcharactermanager,OnePlus7Pro,NL,,5583TL,EUR,3.5,1.0,EUR,3.5,,
GPA.3360-3397-8577-07134,2021-10-12,1:27:01 PM PDT,,Charge,,Character Manager (Complete Reference for DnD 5),com.vansteinengroentjes.apps.ddfive,1,unlockcharactermanager,p3q,US,TX,76016,USD,5.49,0.86725,EUR,4.76,,
GPA.3360-3397-8577-07134,2021-10-12,1:27:01 PM PDT,,Google fee,,Character Manager (Complete Reference for DnD 5),com.vansteinengroentjes.apps.ddfive,1,unlockcharactermanager,p3q,US,TX,76016,USD,-0.82,0.86725,EUR,-0.71,,
GPA.3308-0582-3170-65696,2021-10-12,2:46:19 PM PDT,,Charge,,Character Manager (Complete Reference for DnD 5),com.vansteinengroentjes.apps.ddfive,1,unlockcharactermanager,perseus,RU,Воронежская область,394042,RUB,299.17,0.012071,EUR,3.61,,
GPA.3308-0582-3170-65696,2021-10-12,2:46:19 PM PDT,,Google fee,,Character Manager (Complete Reference for DnD 5),com.vansteinengroentjes.apps.ddfive,1,unlockcharactermanager,perseus,RU,Воронежская область,394042,RUB,-44.88,0.012071,EUR,-0.54,,
GPA.3320-7978-7362-68482,2021-10-12,5:52:58 PM PDT,,Charge,,Character Manager (Complete Reference for DnD 5),com.vansteinengroentjes.apps.ddfive,1,unlockcharactermanager,q2q,US,AR,72016,USD,5.49,0.8671,EUR,4.76,,
GPA.3320-7978-7362-68482,2021-10-12,5:52:58 PM PDT,,Google fee,,Character Manager (Complete Reference for DnD 5),com.vansteinengroentjes.apps.ddfive,1,unlockcharactermanager,q2q,US,AR,72016,USD,-0.82,0.8671,EUR,-0.71,,
GPA.3303-7021-6537-70310,2021-10-13,3:22:58 AM PDT,,Charge,,DM Tools (Complete Reference for DnD 5),com.vansteinengroentjes.apps.ddfive,1,premium,cv1,US,KY,40204,USD,3.49,0.8653,EUR,3.02,,
GPA.3303-7021-6537-70310,2021-10-13,3:22:58 AM PDT,,Google fee,,DM Tools (Complete Reference for DnD 5),com.vansteinengroentjes.apps.ddfive,1,premium,cv1,US,KY,40204,USD,-0.52,0.8653,EUR,-0.45,,
GPA.3344-3862-3957-20812,2021-10-13,8:21:26 AM PDT,,Charge,,Character Manager (Complete Reference for DnD 5),com.vansteinengroentjes.apps.ddfive,1,unlockcharactermanager,gtaxlwifi,US,NC,28719,USD,5.49,0.8646,EUR,4.75,,
GPA.3344-3862-3957-20812,2021-10-13,8:21:26 AM PDT,,Google fee,,Character Manager (Complete Reference for DnD 5),com.vansteinengroentjes.apps.ddfive,1,unlockcharactermanager,gtaxlwifi,US,NC,28719,USD,-0.82,0.8646,EUR,-0.71,,
GPA.3322-1403-8676-60999,2021-10-13,4:04:18 PM PDT,,Charge,,DM Tools (Complete Reference for DnD 5),com.vansteinengroentjes.apps.ddfive,1,premium,lavender,DE,,50939,EUR,2.13,1.0,EUR,2.13,,
GPA.3375-9178-8320-70839,2021-10-13,4:46:38 PM PDT,,Charge,,Character Manager (Complete Reference for DnD 5),com.vansteinengroentjes.apps.ddfive,1,unlockcharactermanager,lavender,DE,,50939,EUR,3.56,1.0,EUR,3.56,,
GPA.3351-3133-8406-00260,2021-10-13,7:20:16 PM PDT,,Charge,,Character Manager (Complete Reference for DnD 5),com.vansteinengroentjes.apps.ddfive,1,unlockcharactermanager,blueline,US,MD,21122,USD,5.49,0.86215,EUR,4.73,,
GPA.3351-3133-8406-00260,2021-10-13,7:20:16 PM PDT,,Google fee,,Character Manager (Complete Reference for DnD 5),com.vansteinengroentjes.apps.ddfive,1,unlockcharactermanager,blueline,US,MD,21122,USD,-0.82,0.86215,EUR,-0.71,,
GPA.3353-9120-1906-79678,2021-10-13,10:40:00 PM PDT,,Charge,,Character Manager (Complete Reference for DnD 5),com.vansteinengroentjes.apps.ddfive,1,unlockcharactermanager,beyond0q,US,NY,12866,USD,5.49,0.8625,EUR,4.74,,
GPA.3353-9120-1906-79678,2021-10-13,10:40:00 PM PDT,,Google fee,,Character Manager (Complete Reference for DnD 5),com.vansteinengroentjes.apps.ddfive,1,unlockcharactermanager,beyond0q,US,NY,12866,USD,-0.82,0.8625,EUR,-0.71,,
GPA.3342-1367-3439-81102,2021-10-13,10:56:04 PM PDT,,Charge,,Character Manager (Complete Reference for DnD 5),com.vansteinengroentjes.apps.ddfive,1,unlockcharactermanager,d2q,US,MD,20743,USD,5.49,0.8625,EUR,4.74,,
GPA.3342-1367-3439-81102,2021-10-13,10:56:04 PM PDT,,Google fee,,Character Manager (Complete Reference for DnD 5),com.vansteinengroentjes.apps.ddfive,1,unlockcharactermanager,d2q,US,MD,20743,USD,-0.82,0.8625,EUR,-0.71,,
GPA.3308-5392-7366-02150,2021-10-14,10:07:22 AM PDT,,Charge,,Character Manager (Complete Reference for DnD 5),com.vansteinengroentjes.apps.ddfive,1,unlockcharactermanager,starqltesq,US,IL,60030,USD,5.49,0.8627,EUR,4.74,,
GPA.3308-5392-7366-02150,2021-10-14,10:07:22 AM PDT,,Google fee,,Character Manager (Complete Reference for DnD 5),com.vansteinengroentjes.apps.ddfive,1,unlockcharactermanager,starqltesq,US,IL,60030,USD,-0.82,0.8627,EUR,-0.71,,
GPA.3361-5006-2588-43527,2021-10-14,2:28:18 PM PDT,,Charge,,DM Tools (Complete Reference for DnD 5),com.vansteinengroentjes.apps.ddfive,1,premium,p3q,US,NJ,08081,USD,3.49,0.86235,EUR,3.01,,
GPA.3361-5006-2588-43527,2021-10-14,2:28:18 PM PDT,,Google fee,,DM Tools (Complete Reference for DnD 5),com.vansteinengroentjes.apps.ddfive,1,premium,p3q,US,NJ,08081,USD,-0.52,0.86235,EUR,-0.45,,
GPA.3341-3326-0271-57358,2021-10-14,4:49:47 PM PDT,,Charge,,DM Tools (Complete Reference for DnD 5),com.vansteinengroentjes.apps.ddfive,1,premium,a71xq,US,FL,33615,USD,3.49,0.86215,EUR,3.01,,
GPA.3341-3326-0271-57358,2021-10-14,4:49:47 PM PDT,,Google fee,,DM Tools (Complete Reference for DnD 5),com.vansteinengroentjes.apps.ddfive,1,premium,a71xq,US,FL,33615,USD,-0.52,0.86215,EUR,-0.45,,
GPA.3325-3900-7430-61407,2021-10-14,6:13:13 PM PDT,,Charge,,Character Manager (Complete Reference for DnD 5),com.vansteinengroentjes.apps.ddfive,1,unlockcharactermanager,c2q,US,TX,76544,USD,5.49,0.86275,EUR,4.74,,
GPA.3325-3900-7430-61407,2021-10-14,6:13:13 PM PDT,,Google fee,,Character Manager (Complete Reference for DnD 5),com.vansteinengroentjes.apps.ddfive,1,unlockcharactermanager,c2q,US,TX,76544,USD,-0.82,0.86275,EUR,-0.71,,
GPA.3310-3200-9272-14098,2021-10-14,6:13:27 PM PDT,,Charge,,DM Tools (Complete Reference for DnD 5),com.vansteinengroentjes.apps.ddfive,1,premium,c2q,US,TX,76544,USD,3.49,0.86275,EUR,3.01,,
GPA.3310-3200-9272-14098,2021-10-14,6:13:27 PM PDT,,Google fee,,DM Tools (Complete Reference for DnD 5),com.vansteinengroentjes.apps.ddfive,1,premium,c2q,US,TX,76544,USD,-0.52,0.86275,EUR,-0.45,,
GPA.3335-0499-6089-10690,2021-10-14,7:17:00 PM PDT,,Charge,,DM Tools (Complete Reference for DnD 5),com.vansteinengroentjes.apps.ddfive,1,premium,r8q,US,MS,39482,USD,3.49,0.8625,EUR,3.01,,
GPA.3335-0499-6089-10690,2021-10-14,7:17:00 PM PDT,,Google fee,,DM Tools (Complete Reference for DnD 5),com.vansteinengroentjes.apps.ddfive,1,premium,r8q,US,MS,39482,USD,-0.52,0.8625,EUR,-0.45,,
GPA.3307-6161-2494-29450,2021-10-14,7:17:15 PM PDT,,Charge,,Character Manager (Complete Reference for DnD 5),com.vansteinengroentjes.apps.ddfive,1,unlockcharactermanager,r8q,US,MS,39482,USD,5.49,0.8625,EUR,4.74,,
GPA.3307-6161-2494-29450,2021-10-14,7:17:15 PM PDT,,Google fee,,Character Manager (Complete Reference for DnD 5),com.vansteinengroentjes.apps.ddfive,1,unlockcharactermanager,r8q,US,MS,39482,USD,-0.82,0.8625,EUR,-0.71,,
GPA.3327-7891-2562-34932,2021-10-15,12:25:47 PM PDT,,Charge,,Character Manager (Complete Reference for DnD 5),com.vansteinengroentjes.apps.ddfive,1,unlockcharactermanager,z3q,US,AR,72740,USD,5.49,0.8624,EUR,4.73,,
GPA.3327-7891-2562-34932,2021-10-15,12:25:47 PM PDT,,Google fee,,Character Manager (Complete Reference for DnD 5),com.vansteinengroentjes.apps.ddfive,1,unlockcharactermanager,z3q,US,AR,72740,USD,-0.82,0.8624,EUR,-0.71,,
GPA.3352-7948-1473-40919,2021-10-15,12:25:59 PM PDT,,Charge,,Character Manager (Complete Reference for DnD 5),com.vansteinengroentjes.apps.ddfive,1,unlockcharactermanager,OnePlus8TTMO,US,AR,72740,USD,5.49,0.8624,EUR,4.73,,
GPA.3352-7948-1473-40919,2021-10-15,12:25:59 PM PDT,,Google fee,,Character Manager (Complete Reference for DnD 5),com.vansteinengroentjes.apps.ddfive,1,unlockcharactermanager,OnePlus8TTMO,US,AR,72740,USD,-0.82,0.8624,EUR,-0.71,,
GPA.3304-2678-5114-08960,2021-10-15,3:15:26 PM PDT,,Charge,,Character Manager (Complete Reference for DnD 5),com.vansteinengroentjes.apps.ddfive,1,unlockcharactermanager,c2q,US,MI,49612,USD,5.49,0.86215,EUR,4.73,,
GPA.3304-2678-5114-08960,2021-10-15,3:15:26 PM PDT,,Google fee,,Character Manager (Complete Reference for DnD 5),com.vansteinengroentjes.apps.ddfive,1,unlockcharactermanager,c2q,US,MI,49612,USD,-0.82,0.86215,EUR,-0.71,,
GPA.3392-2095-0716-08787,2021-10-15,6:40:51 PM PDT,,Charge,,Character Manager (Complete Reference for DnD 5),com.vansteinengroentjes.apps.ddfive,1,unlockcharactermanager,XQ-AT51,GB,,Ng32 3qd,GBP,2.97,1.1854,EUR,3.52,,
GPA.3369-3261-5327-66964,2021-10-15,7:33:02 PM PDT,,Charge,,Character Manager (Complete Reference for DnD 5),com.vansteinengroentjes.apps.ddfive,1,unlockcharactermanager,d2xq2,US,OR,97048,USD,5.49,0.86215,EUR,4.73,,
GPA.3369-3261-5327-66964,2021-10-15,7:33:02 PM PDT,,Google fee,,Character Manager (Complete Reference for DnD 5),com.vansteinengroentjes.apps.ddfive,1,unlockcharactermanager,d2xq2,US,OR,97048,USD,-0.82,0.86215,EUR,-0.71,,
GPA.3374-4253-9153-99884,2021-10-15,8:10:17 PM PDT,,Charge,,Character Manager (Complete Reference for DnD 5),com.vansteinengroentjes.apps.ddfive,1,unlockcharactermanager,o1q,US,NJ,07621,USD,5.49,0.86215,EUR,4.73,,
GPA.3374-4253-9153-99884,2021-10-15,8:10:17 PM PDT,,Google fee,,Character Manager (Complete Reference for DnD 5),com.vansteinengroentjes.apps.ddfive,1,unlockcharactermanager,o1q,US,NJ,07621,USD,-0.82,0.86215,EUR,-0.71,,
GPA.3322-9680-4725-85144,2021-10-15,10:28:10 PM PDT,,Charge,,Character Manager (Complete Reference for DnD 5),com.vansteinengroentjes.apps.ddfive,1,unlockcharactermanager,q2q,AU,,6722,AUD,7.26,0.63986,EUR,4.65,,
GPA.3322-9680-4725-85144,2021-10-15,10:28:10 PM PDT,,Google fee,,Character Manager (Complete Reference for DnD 5),com.vansteinengroentjes.apps.ddfive,1,unlockcharactermanager,q2q,AU,,6722,AUD,-1.09,0.63986,EUR,-0.7,,
GPA.3336-9420-9739-14893,2021-10-16,1:01:21 AM PDT,,Charge,,DM Tools (Complete Reference for DnD 5),com.vansteinengroentjes.apps.ddfive,1,premium,x1s,AU,,3797,AUD,4.35,0.63986,EUR,2.78,,
GPA.3336-9420-9739-14893,2021-10-16,1:01:21 AM PDT,,Google fee,,DM Tools (Complete Reference for DnD 5),com.vansteinengroentjes.apps.ddfive,1,premium,x1s,AU,,3797,AUD,-0.65,0.63986,EUR,-0.42,,
GPA.3348-7278-7747-07022,2021-10-16,2:26:17 AM PDT,,Charge,,Character Manager (Complete Reference for DnD 5),com.vansteinengroentjes.apps.ddfive,1,unlockcharactermanager,jackpotlte,UA,Дніпропетровська область,49094,UAH,149.99,0.032727,EUR,4.91,,
GPA.3348-7278-7747-07022,2021-10-16,2:26:17 AM PDT,,Google fee,,Character Manager (Complete Reference for DnD 5),com.vansteinengroentjes.apps.ddfive,1,unlockcharactermanager,jackpotlte,UA,Дніпропетровська область,49094,UAH,-22.5,0.032727,EUR,-0.74,,
GPA.3318-7875-5833-47072,2021-10-16,3:00:24 AM PDT,,Charge,,Character Manager (Complete Reference for DnD 5),com.vansteinengroentjes.apps.ddfive,1,unlockcharactermanager,beryllium,US,NH,03038,USD,5.49,0.86215,EUR,4.73,,
GPA.3318-7875-5833-47072,2021-10-16,3:00:24 AM PDT,,Google fee,,Character Manager (Complete Reference for DnD 5),com.vansteinengroentjes.apps.ddfive,1,unlockcharactermanager,beryllium,US,NH,03038,USD,-0.82,0.86215,EUR,-0.71,,
GPA.3327-2711-8868-35387,2021-10-16,3:42:12 AM PDT,,Charge,,Character Manager (Complete Reference for DnD 5),com.vansteinengroentjes.apps.ddfive,1,unlockcharactermanager,mdh5lm,US,SC,29607,USD,5.49,0.86215,EUR,4.73,,
GPA.3327-2711-8868-35387,2021-10-16,3:42:12 AM PDT,,Google fee,,Character Manager (Complete Reference for DnD 5),com.vansteinengroentjes.apps.ddfive,1,unlockcharactermanager,mdh5lm,US,SC,29607,USD,-0.82,0.86215,EUR,-0.71,,
GPA.3387-3931-5000-69975,2021-10-16,5:12:39 AM PDT,,Charge,,DM Tools (Complete Reference for DnD 5),com.vansteinengroentjes.apps.ddfive,1,premium,star2qlteue,US,TX,77316,USD,3.49,0.86215,EUR,3.01,,
GPA.3387-3931-5000-69975,2021-10-16,5:12:39 AM PDT,,Google fee,,DM Tools (Complete Reference for DnD 5),com.vansteinengroentjes.apps.ddfive,1,premium,star2qlteue,US,TX,77316,USD,-0.52,0.86215,EUR,-0.45,,
GPA.3371-7301-0648-23343,2021-10-16,8:24:08 AM PDT,,Charge,,Character Manager (Complete Reference for DnD 5),com.vansteinengroentjes.apps.ddfive,1,unlockcharactermanager,caymanlm,CA,NB,E2M 1V5,CAD,7.49,0.69705,EUR,5.22,,
GPA.3371-7301-0648-23343,2021-10-16,8:24:08 AM PDT,,Google fee,,Character Manager (Complete Reference for DnD 5),com.vansteinengroentjes.apps.ddfive,1,unlockcharactermanager,caymanlm,CA,NB,E2M 1V5,CAD,-1.12,0.69705,EUR,-0.78,,
GPA.3320-4521-0332-29152,2021-10-16,8:33:48 AM PDT,,Charge,,Character Manager (Complete Reference for DnD 5),com.vansteinengroentjes.apps.ddfive,1,unlockcharactermanager,banon_cheets,US,FL,33810,USD,5.49,0.86215,EUR,4.73,,
GPA.3320-4521-0332-29152,2021-10-16,8:33:48 AM PDT,,Google fee,,Character Manager (Complete Reference for DnD 5),com.vansteinengroentjes.apps.ddfive,1,unlockcharactermanager,banon_cheets,US,FL,33810,USD,-0.82,0.86215,EUR,-0.71,,
GPA.3318-2251-6423-33641,2021-10-16,10:54:51 AM PDT,,Charge,,DM Tools (Complete Reference for DnD 5),com.vansteinengroentjes.apps.ddfive,1,premium,U705AA,US,MI,49120,USD,3.49,0.86215,EUR,3.01,,
GPA.3318-2251-6423-33641,2021-10-16,10:54:51 AM PDT,,Google fee,,DM Tools (Complete Reference for DnD 5),com.vansteinengroentjes.apps.ddfive,1,premium,U705AA,US,MI,49120,USD,-0.52,0.86215,EUR,-0.45,,
GPA.3370-1830-0003-46608,2021-10-16,11:27:41 AM PDT,,Charge,,Character Manager (Complete Reference for DnD 5),com.vansteinengroentjes.apps.ddfive,1,unlockcharactermanager,q2q,BE,,3545,EUR,3.5,1.0,EUR,3.5,,
GPA.3371-3098-4621-29793,2021-10-16,11:53:50 AM PDT,,Charge,,DM Tools (Complete Reference for DnD 5),com.vansteinengroentjes.apps.ddfive,1,premium,a32x,US,UT,84093,USD,3.49,0.86215,EUR,3.01,,
GPA.3371-3098-4621-29793,2021-10-16,11:53:50 AM PDT,,Google fee,,DM Tools (Complete Reference for DnD 5),com.vansteinengroentjes.apps.ddfive,1,premium,a32x,US,UT,84093,USD,-0.52,0.86215,EUR,-0.45,,
GPA.3362-1551-5453-74885,2021-10-16,12:55:04 PM PDT,,Charge,,DM Tools (Complete Reference for DnD 5),com.vansteinengroentjes.apps.ddfive,1,premium,x1q,US,KS,66604,USD,3.49,0.86215,EUR,3.01,,
GPA.3362-1551-5453-74885,2021-10-16,12:55:04 PM PDT,,Google fee,,DM Tools (Complete Reference for DnD 5),com.vansteinengroentjes.apps.ddfive,1,premium,x1q,US,KS,66604,USD,-0.52,0.86215,EUR,-0.45,,
GPA.3322-4206-4233-69383,2021-10-16,1:42:59 PM PDT,,Charge,,Character Manager (Complete Reference for DnD 5),com.vansteinengroentjes.apps.ddfive,1,unlockcharactermanager,c1q,US,WA,98270,USD,5.49,0.86215,EUR,4.73,,
GPA.3322-4206-4233-69383,2021-10-16,1:42:59 PM PDT,,Google fee,,Character Manager (Complete Reference for DnD 5),com.vansteinengroentjes.apps.ddfive,1,unlockcharactermanager,c1q,US,WA,98270,USD,-0.82,0.86215,EUR,-0.71,,
GPA.3368-0181-9335-81289,2021-10-16,2:17:46 PM PDT,,Charge,,DM Tools (Complete Reference for DnD 5),com.vansteinengroentjes.apps.ddfive,1,premium,nairo,US,AZ,85128,USD,3.49,0.86215,EUR,3.01,,
GPA.3368-0181-9335-81289,2021-10-16,2:17:46 PM PDT,,Google fee,,DM Tools (Complete Reference for DnD 5),com.vansteinengroentjes.apps.ddfive,1,premium,nairo,US,AZ,85128,USD,-0.52,0.86215,EUR,-0.45,,
GPA.3323-1231-9590-80666,2021-10-16,4:44:43 PM PDT,,Charge,,DM Tools (Complete Reference for DnD 5),com.vansteinengroentjes.apps.ddfive,1,premium,p3q,US,CA,94052,USD,3.49,0.86215,EUR,3.01,,
GPA.3323-1231-9590-80666,2021-10-16,4:44:43 PM PDT,,Google fee,,DM Tools (Complete Reference for DnD 5),com.vansteinengroentjes.apps.ddfive,1,premium,p3q,US,CA,94052,USD,-0.52,0.86215,EUR,-0.45,,
GPA.3370-1971-5944-19705,2021-10-16,4:53:08 PM PDT,,Charge,,Character Manager (Complete Reference for DnD 5),com.vansteinengroentjes.apps.ddfive,1,unlockcharactermanager,p3q,US,CA,94052,USD,5.49,0.86215,EUR,4.73,,
GPA.3370-1971-5944-19705,2021-10-16,4:53:08 PM PDT,,Google fee,,Character Manager (Complete Reference for DnD 5),com.vansteinengroentjes.apps.ddfive,1,unlockcharactermanager,p3q,US,CA,94052,USD,-0.82,0.86215,EUR,-0.71,,
GPA.3364-5386-9801-51624,2021-10-16,9:40:01 PM PDT,,Charge,,Character Manager (Complete Reference for DnD 5),com.vansteinengroentjes.apps.ddfive,1,unlockcharactermanager,c2q,US,AK,99687,USD,5.49,0.86215,EUR,4.73,,
GPA.3364-5386-9801-51624,2021-10-16,9:40:01 PM PDT,,Google fee,,Character Manager (Complete Reference for DnD 5),com.vansteinengroentjes.apps.ddfive,1,unlockcharactermanager,c2q,US,AK,99687,USD,-0.82,0.86215,EUR,-0.71,,
GPA.3336-1413-4920-07726,2021-10-16,9:40:22 PM PDT,,Charge,,Character Manager (Complete Reference for DnD 5),com.vansteinengroentjes.apps.ddfive,1,unlockcharactermanager,starqlteue,US,AK,99502,USD,5.49,0.86215,EUR,4.73,,
GPA.3336-1413-4920-07726,2021-10-16,9:40:22 PM PDT,,Google fee,,Character Manager (Complete Reference for DnD 5),com.vansteinengroentjes.apps.ddfive,1,unlockcharactermanager,starqlteue,US,AK,99502,USD,-0.82,0.86215,EUR,-0.71,,
GPA.3393-5710-1797-25144,2021-10-16,9:43:24 PM PDT,,Charge,,Character Manager (Complete Reference for DnD 5),com.vansteinengroentjes.apps.ddfive,1,unlockcharactermanager,starqlteue,US,AK,99502,USD,5.49,0.86215,EUR,4.73,,
GPA.3393-5710-1797-25144,2021-10-16,9:43:24 PM PDT,,Google fee,,Character Manager (Complete Reference for DnD 5),com.vansteinengroentjes.apps.ddfive,1,unlockcharactermanager,starqlteue,US,AK,99502,USD,-0.82,0.86215,EUR,-0.71,,
GPA.3333-7231-6241-74606,2021-10-16,9:58:10 PM PDT,,Charge,,DM Tools (Complete Reference for DnD 5),com.vansteinengroentjes.apps.ddfive,1,premium,c2q,US,AK,99623,USD,3.49,0.86215,EUR,3.01,,
GPA.3333-7231-6241-74606,2021-10-16,9:58:10 PM PDT,,Google fee,,DM Tools (Complete Reference for DnD 5),com.vansteinengroentjes.apps.ddfive,1,premium,c2q,US,AK,99623,USD,-0.52,0.86215,EUR,-0.45,,
GPA.3320-2963-0547-39992,2021-10-16,10:41:46 PM PDT,,Charge,,Character Manager (Complete Reference for DnD 5),com.vansteinengroentjes.apps.ddfive,1,unlockcharactermanager,o1q,US,AR,72865,USD,5.49,0.86215,EUR,4.73,,
GPA.3320-2963-0547-39992,2021-10-16,10:41:46 PM PDT,,Google fee,,Character Manager (Complete Reference for DnD 5),com.vansteinengroentjes.apps.ddfive,1,unlockcharactermanager,o1q,US,AR,72865,USD,-0.82,0.86215,EUR,-0.71,,
GPA.3339-3467-4743-23244,2021-10-16,11:43:38 PM PDT,,Charge,,DM Tools (Complete Reference for DnD 5),com.vansteinengroentjes.apps.ddfive,1,premium,o1q,US,LA,70726,USD,3.49,0.86215,EUR,3.01,,
GPA.3339-3467-4743-23244,2021-10-16,11:43:38 PM PDT,,Google fee,,DM Tools (Complete Reference for DnD 5),com.vansteinengroentjes.apps.ddfive,1,premium,o1q,US,LA,70726,USD,-0.52,0.86215,EUR,-0.45,,
GPA.3390-5131-3447-76442,2021-10-17,9:47:20 AM PDT,,Charge,,Character Manager (Complete Reference for DnD 5),com.vansteinengroentjes.apps.ddfive,1,unlockcharactermanager,d2q,US,TX,77001,USD,5.49,0.86215,EUR,4.73,,
GPA.3390-5131-3447-76442,2021-10-17,9:47:20 AM PDT,,Google fee,,Character Manager (Complete Reference for DnD 5),com.vansteinengroentjes.apps.ddfive,1,unlockcharactermanager,d2q,US,TX,77001,USD,-0.82,0.86215,EUR,-0.71,,
GPA.3386-5918-6995-18119,2021-10-17,11:20:45 AM PDT,,Charge,,DM Tools (Complete Reference for DnD 5),com.vansteinengroentjes.apps.ddfive,1,premium,sargo,US,UT,84128,USD,3.49,0.86215,EUR,3.01,,
GPA.3386-5918-6995-18119,2021-10-17,11:20:45 AM PDT,,Google fee,,DM Tools (Complete Reference for DnD 5),com.vansteinengroentjes.apps.ddfive,1,premium,sargo,US,UT,84128,USD,-0.52,0.86215,EUR,-0.45,,
GPA.3317-1023-2941-86689,2021-10-17,11:46:52 AM PDT,,Charge,,Character Manager (Complete Reference for DnD 5),com.vansteinengroentjes.apps.ddfive,1,unlockcharactermanager,crosshatch,US,TX,79106,USD,5.49,0.86215,EUR,4.73,,
GPA.3317-1023-2941-86689,2021-10-17,11:46:52 AM PDT,,Google fee,,Character Manager (Complete Reference for DnD 5),com.vansteinengroentjes.apps.ddfive,1,unlockcharactermanager,crosshatch,US,TX,79106,USD,-0.82,0.86215,EUR,-0.71,,
GPA.3358-2017-2480-43707,2021-10-17,2:20:48 PM PDT,,Charge,,Character Manager (Complete Reference for DnD 5),com.vansteinengroentjes.apps.ddfive,1,unlockcharactermanager,alphalm,US,IN,47060,USD,5.49,0.86255,EUR,4.74,,
GPA.3358-2017-2480-43707,2021-10-17,2:20:48 PM PDT,,Google fee,,Character Manager (Complete Reference for DnD 5),com.vansteinengroentjes.apps.ddfive,1,unlockcharactermanager,alphalm,US,IN,47060,USD,-0.82,0.86255,EUR,-0.71,,
GPA.3341-2486-8641-42935,2021-10-17,3:07:08 PM PDT,,Charge,,Character Manager (Complete Reference for DnD 5),com.vansteinengroentjes.apps.ddfive,1,unlockcharactermanager,a11q,US,IN,47043,USD,5.49,0.86255,EUR,4.74,,
GPA.3341-2486-8641-42935,2021-10-17,3:07:08 PM PDT,,Google fee,,Character Manager (Complete Reference for DnD 5),com.vansteinengroentjes.apps.ddfive,1,unlockcharactermanager,a11q,US,IN,47043,USD,-0.82,0.86255,EUR,-0.71,,
GPA.3385-5420-4494-77312,2021-10-17,3:07:45 PM PDT,,Charge,,DM Tools (Complete Reference for DnD 5),com.vansteinengroentjes.apps.ddfive,1,premium,a11q,US,IN,47043,USD,3.49,0.86255,EUR,3.01,,
GPA.3385-5420-4494-77312,2021-10-17,3:07:45 PM PDT,,Google fee,,DM Tools (Complete Reference for DnD 5),com.vansteinengroentjes.apps.ddfive,1,premium,a11q,US,IN,47043,USD,-0.52,0.86255,EUR,-0.45,,
GPA.3301-6454-8158-95997,2021-10-17,4:23:51 PM PDT,,Charge,,Character Manager (Complete Reference for DnD 5),com.vansteinengroentjes.apps.ddfive,1,unlockcharactermanager,b2q,US,NC,28073,USD,5.49,0.862,EUR,4.73,,
GPA.3301-6454-8158-95997,2021-10-17,4:23:51 PM PDT,,Google fee,,Character Manager (Complete Reference for DnD 5),com.vansteinengroentjes.apps.ddfive,1,unlockcharactermanager,b2q,US,NC,28073,USD,-0.82,0.862,EUR,-0.71,,
GPA.3361-9313-6668-82341,2021-10-17,11:37:27 PM PDT,,Charge,,Character Manager (Complete Reference for DnD 5),com.vansteinengroentjes.apps.ddfive,1,unlockcharactermanager,a51,DE,,10369,EUR,3.56,1.0,EUR,3.56,,
GPA.3396-0585-9771-87773,2021-10-18,4:07:21 AM PDT,,Charge,,Character Manager (Complete Reference for DnD 5),com.vansteinengroentjes.apps.ddfive,1,unlockcharactermanager,mdh10xlm,US,SC,29126,USD,5.49,0.8634,EUR,4.74,,
GPA.3396-0585-9771-87773,2021-10-18,4:07:21 AM PDT,,Google fee,,Character Manager (Complete Reference for DnD 5),com.vansteinengroentjes.apps.ddfive,1,unlockcharactermanager,mdh10xlm,US,SC,29126,USD,-0.82,0.8634,EUR,-0.71,,
GPA.3385-8770-2615-18952,2021-10-18,11:21:44 AM PDT,,Charge,,Character Manager (Complete Reference for DnD 5),com.vansteinengroentjes.apps.ddfive,1,unlockcharactermanager,bolt,US,AR,72714,USD,5.49,0.86055,EUR,4.72,,
GPA.3385-8770-2615-18952,2021-10-18,11:21:44 AM PDT,,Google fee,,Character Manager (Complete Reference for DnD 5),com.vansteinengroentjes.apps.ddfive,1,unlockcharactermanager,bolt,US,AR,72714,USD,-0.82,0.86055,EUR,-0.71,,
GPA.3310-9119-7687-36785,2021-10-18,11:22:33 AM PDT,,Charge,,DM Tools (Complete Reference for DnD 5),com.vansteinengroentjes.apps.ddfive,1,premium,bolt,US,AR,72714,USD,3.49,0.86055,EUR,3.0,,
GPA.3310-9119-7687-36785,2021-10-18,11:22:33 AM PDT,,Google fee,,DM Tools (Complete Reference for DnD 5),com.vansteinengroentjes.apps.ddfive,1,premium,bolt,US,AR,72714,USD,-0.52,0.86055,EUR,-0.45,,
GPA.3369-8167-2627-57688,2021-10-18,11:54:43 AM PDT,,Charge,,DM Tools (Complete Reference for DnD 5),com.vansteinengroentjes.apps.ddfive,1,premium,kiev,US,VT,05468,USD,3.49,0.86055,EUR,3.0,,
GPA.3369-8167-2627-57688,2021-10-18,11:54:43 AM PDT,,Google fee,,DM Tools (Complete Reference for DnD 5),com.vansteinengroentjes.apps.ddfive,1,premium,kiev,US,VT,05468,USD,-0.52,0.86055,EUR,-0.45,,
GPA.3374-6690-6577-50153,2021-10-18,4:14:07 PM PDT,,Charge,,DM Tools (Complete Reference for DnD 5),com.vansteinengroentjes.apps.ddfive,1,premium,X606F,US,LA,71409,USD,3.49,0.86115,EUR,3.01,,
GPA.3374-6690-6577-50153,2021-10-18,4:14:07 PM PDT,,Google fee,,DM Tools (Complete Reference for DnD 5),com.vansteinengroentjes.apps.ddfive,1,premium,X606F,US,LA,71409,USD,-0.52,0.86115,EUR,-0.45,,
GPA.3337-5394-7292-50737,2021-10-18,7:01:32 PM PDT,,Charge,,Character Manager (Complete Reference for DnD 5),com.vansteinengroentjes.apps.ddfive,1,unlockcharactermanager,river,US,NY,14617,USD,5.49,0.8602,EUR,4.72,,
GPA.3337-5394-7292-50737,2021-10-18,7:01:32 PM PDT,,Google fee,,Character Manager (Complete Reference for DnD 5),com.vansteinengroentjes.apps.ddfive,1,unlockcharactermanager,river,US,NY,14617,USD,-0.82,0.8602,EUR,-0.71,,
GPA.3308-8934-0469-98210,2021-10-18,7:02:04 PM PDT,,Charge,,DM Tools (Complete Reference for DnD 5),com.vansteinengroentjes.apps.ddfive,1,premium,river,US,NY,14617,USD,3.49,0.8602,EUR,3.0,,
GPA.3308-8934-0469-98210,2021-10-18,7:02:04 PM PDT,,Google fee,,DM Tools (Complete Reference for DnD 5),com.vansteinengroentjes.apps.ddfive,1,premium,river,US,NY,14617,USD,-0.52,0.8602,EUR,-0.45,,
GPA.3380-7656-9649-54147,2021-10-18,10:52:22 PM PDT,,Charge,,Character Manager (Complete Reference for DnD 5),com.vansteinengroentjes.apps.ddfive,1,unlockcharactermanager,a70q,DE,,72770,EUR,3.56,1.0,EUR,3.56,,
GPA.3322-2406-7843-85463,2021-10-18,11:15:41 PM PDT,,Charge,,DM Tools (Complete Reference for DnD 5),com.vansteinengroentjes.apps.ddfive,1,premium,HWLYA,SE,,21443,SEK,21.08,0.099528,EUR,2.1,,
GPA.3332-7104-2382-01351,2021-10-18,11:16:11 PM PDT,,Charge,,Character Manager (Complete Reference for DnD 5),com.vansteinengroentjes.apps.ddfive,1,unlockcharactermanager,HWLYA,SE,,21443,SEK,33.32,0.099528,EUR,3.32,,
GPA.3363-9381-7698-89467,2021-10-19,4:36:54 AM PDT,,Charge,,DM Tools (Complete Reference for DnD 5),com.vansteinengroentjes.apps.ddfive,1,premium,sweet,PL,,03-164,PLN,8.98,0.21872,EUR,1.96,,
GPA.3332-6853-1300-84940,2021-10-19,6:39:51 AM PDT,,Charge,,Character Manager (Complete Reference for DnD 5),com.vansteinengroentjes.apps.ddfive,1,unlockcharactermanager,blueline,US,OK,73003,USD,5.49,0.85795,EUR,4.71,,
GPA.3332-6853-1300-84940,2021-10-19,6:39:51 AM PDT,,Google fee,,Character Manager (Complete Reference for DnD 5),com.vansteinengroentjes.apps.ddfive,1,unlockcharactermanager,blueline,US,OK,73003,USD,-0.82,0.85795,EUR,-0.7,,
GPA.3363-9943-1950-08355,2021-10-19,9:16:35 AM PDT,,Charge,,DM Tools (Complete Reference for DnD 5),com.vansteinengroentjes.apps.ddfive,1,premium,rav,US,NJ,08724,USD,3.49,0.8588,EUR,3.0,,
GPA.3363-9943-1950-08355,2021-10-19,9:16:35 AM PDT,,Google fee,,DM Tools (Complete Reference for DnD 5),com.vansteinengroentjes.apps.ddfive,1,premium,rav,US,NJ,08724,USD,-0.52,0.8588,EUR,-0.45,,
GPA.3374-9759-4725-90770,2021-10-19,9:54:10 AM PDT,,Charge,,Character Manager (Complete Reference for DnD 5),com.vansteinengroentjes.apps.ddfive,1,unlockcharactermanager,star2qltesq,US,MT,59934,USD,5.49,0.8588,EUR,4.71,,
GPA.3374-9759-4725-90770,2021-10-19,9:54:10 AM PDT,,Google fee,,Character Manager (Complete Reference for DnD 5),com.vansteinengroentjes.apps.ddfive,1,unlockcharactermanager,star2qltesq,US,MT,59934,USD,-0.82,0.8588,EUR,-0.7,,
GPA.3348-3136-9310-18671,2021-10-19,2:30:18 PM PDT,,Charge,,Character Manager (Complete Reference for DnD 5),com.vansteinengroentjes.apps.ddfive,1,unlockcharactermanager,dreamqltesq,US,NY,12549,USD,5.49,0.8595,EUR,4.72,,
GPA.3348-3136-9310-18671,2021-10-19,2:30:18 PM PDT,,Google fee,,Character Manager (Complete Reference for DnD 5),com.vansteinengroentjes.apps.ddfive,1,unlockcharactermanager,dreamqltesq,US,NY,12549,USD,-0.82,0.8595,EUR,-0.7,,
GPA.3394-8328-8294-47047,2021-10-19,5:57:13 PM PDT,,Charge,,Character Manager (Complete Reference for DnD 5),com.vansteinengroentjes.apps.ddfive,1,unlockcharactermanager,c2q,US,WA,98403,USD,5.49,0.85945,EUR,4.72,,
GPA.3394-8328-8294-47047,2021-10-19,5:57:13 PM PDT,,Google fee,,Character Manager (Complete Reference for DnD 5),com.vansteinengroentjes.apps.ddfive,1,unlockcharactermanager,c2q,US,WA,98403,USD,-0.82,0.85945,EUR,-0.7,,
GPA.3352-5846-5274-15688,2021-10-19,10:21:44 PM PDT,,Charge,,DM Tools (Complete Reference for DnD 5),com.vansteinengroentjes.apps.ddfive,1,premium,a50,US,AZ,85138,USD,3.49,0.85865,EUR,3.0,,
GPA.3352-5846-5274-15688,2021-10-19,10:21:44 PM PDT,,Google fee,,DM Tools (Complete Reference for DnD 5),com.vansteinengroentjes.apps.ddfive,1,premium,a50,US,AZ,85138,USD,-0.52,0.85865,EUR,-0.45,,
GPA.3348-2027-3824-35706,2021-10-20,3:31:24 PM PDT,,Charge,,Character Manager (Complete Reference for DnD 5),com.vansteinengroentjes.apps.ddfive,1,unlockcharactermanager,hero2lte,DE,,65201,EUR,3.56,1.0,EUR,3.56,,
GPA.3378-8320-4471-88216,2021-10-20,3:32:25 PM PDT,,Charge,,Character Manager (Complete Reference for DnD 5),com.vansteinengroentjes.apps.ddfive,1,unlockcharactermanager,d2xq2,US,MT,59901,USD,5.49,0.85815,EUR,4.71,,
GPA.3378-8320-4471-88216,2021-10-20,3:32:25 PM PDT,,Google fee,,Character Manager (Complete Reference for DnD 5),com.vansteinengroentjes.apps.ddfive,1,unlockcharactermanager,d2xq2,US,MT,59901,USD,-0.82,0.85815,EUR,-0.7,,
GPA.3347-0234-4398-82086,2021-10-20,4:09:45 PM PDT,,Charge,,DM Tools (Complete Reference for DnD 5),com.vansteinengroentjes.apps.ddfive,1,premium,star2qltesq,US,OH,44054,USD,3.49,0.85835,EUR,3.0,,
GPA.3347-0234-4398-82086,2021-10-20,4:09:45 PM PDT,,Google fee,,DM Tools (Complete Reference for DnD 5),com.vansteinengroentjes.apps.ddfive,1,premium,star2qltesq,US,OH,44054,USD,-0.52,0.85835,EUR,-0.45,,
GPA.3387-8299-9431-27318,2021-10-20,10:43:56 PM PDT,,Charge,,Character Manager (Complete Reference for DnD 5),com.vansteinengroentjes.apps.ddfive,1,unlockcharactermanager,OnePlus8T,GB,,CH46 3RH,GBP,2.97,1.1857,EUR,3.52,,
GPA.3398-6357-9200-30389,2021-10-21,5:35:30 AM PDT,,Charge,,Character Manager (Complete Reference for DnD 5),com.vansteinengroentjes.apps.ddfive,1,unlockcharactermanager,r8q,US,MO,65202,USD,5.49,0.8591,EUR,4.72,,
GPA.3398-6357-9200-30389,2021-10-21,5:35:30 AM PDT,,Google fee,,Character Manager (Complete Reference for DnD 5),com.vansteinengroentjes.apps.ddfive,1,unlockcharactermanager,r8q,US,MO,65202,USD,-0.82,0.8591,EUR,-0.7,,
GPA.3380-7672-9599-81848,2021-10-21,11:26:24 AM PDT,,Charge,,Character Manager (Complete Reference for DnD 5),com.vansteinengroentjes.apps.ddfive,1,unlockcharactermanager,beyond0q,US,CO,80110,USD,5.49,0.8594,EUR,4.72,,
GPA.3380-7672-9599-81848,2021-10-21,11:26:24 AM PDT,,Google fee,,Character Manager (Complete Reference for DnD 5),com.vansteinengroentjes.apps.ddfive,1,unlockcharactermanager,beyond0q,US,CO,80110,USD,-0.82,0.8594,EUR,-0.7,,
GPA.3345-5922-2433-84247,2021-10-21,10:25:20 PM PDT,,Charge,,Character Manager (Complete Reference for DnD 5),com.vansteinengroentjes.apps.ddfive,1,unlockcharactermanager,a21,US,TX,78261,USD,5.49,0.85995,EUR,4.72,,
GPA.3345-5922-2433-84247,2021-10-21,10:25:20 PM PDT,,Google fee,,Character Manager (Complete Reference for DnD 5),com.vansteinengroentjes.apps.ddfive,1,unlockcharactermanager,a21,US,TX,78261,USD,-0.82,0.85995,EUR,-0.71,,
GPA.3329-9494-0866-63901,2021-10-22,4:33:34 AM PDT,,Charge,,DM Tools (Complete Reference for DnD 5),com.vansteinengroentjes.apps.ddfive,1,premium,y2q,US,MN,56082,USD,3.49,0.85885,EUR,3.0,,
GPA.3329-9494-0866-63901,2021-10-22,4:33:34 AM PDT,,Google fee,,DM Tools (Complete Reference for DnD 5),com.vansteinengroentjes.apps.ddfive,1,premium,y2q,US,MN,56082,USD,-0.52,0.85885,EUR,-0.45,,
GPA.3322-2304-3969-77524,2021-10-22,12:40:59 PM PDT,,Charge,,Character Manager (Complete Reference for DnD 5),com.vansteinengroentjes.apps.ddfive,1,unlockcharactermanager,a6eltemtr,US,TX,76116,USD,5.49,0.8598,EUR,4.72,,
GPA.3322-2304-3969-77524,2021-10-22,12:40:59 PM PDT,,Google fee,,Character Manager (Complete Reference for DnD 5),com.vansteinengroentjes.apps.ddfive,1,unlockcharactermanager,a6eltemtr,US,TX,76116,USD,-0.82,0.8598,EUR,-0.71,,
GPA.3310-6727-4195-54340,2021-10-22,11:15:32 PM PDT,,Charge,,Character Manager (Complete Reference for DnD 5),com.vansteinengroentjes.apps.ddfive,1,unlockcharactermanager,1906,MY,SELANGOR,46150,MYR,21.69,0.20689,EUR,4.49,,
GPA.3310-6727-4195-54340,2021-10-22,11:15:32 PM PDT,,Google fee,,Character Manager (Complete Reference for DnD 5),com.vansteinengroentjes.apps.ddfive,1,unlockcharactermanager,1906,MY,SELANGOR,46150,MYR,-3.25,0.20689,EUR,-0.67,,
GPA.3348-8338-1051-75954,2021-10-22,11:16:40 PM PDT,,Charge,,DM Tools (Complete Reference for DnD 5),com.vansteinengroentjes.apps.ddfive,1,premium,1906,MY,SELANGOR,46150,MYR,13.2,0.20689,EUR,2.73,,
GPA.3348-8338-1051-75954,2021-10-22,11:16:40 PM PDT,,Google fee,,DM Tools (Complete Reference for DnD 5),com.vansteinengroentjes.apps.ddfive,1,premium,1906,MY,SELANGOR,46150,MYR,-1.98,0.20689,EUR,-0.41,,
GPA.3348-4047-4200-17640,2021-10-23,12:59:54 AM PDT,,Charge,,DM Tools (Complete Reference for DnD 5),com.vansteinengroentjes.apps.ddfive,1,premium,denver,US,AZ,86314,USD,3.49,0.8587,EUR,3.0,,
GPA.3348-4047-4200-17640,2021-10-23,12:59:54 AM PDT,,Google fee,,DM Tools (Complete Reference for DnD 5),com.vansteinengroentjes.apps.ddfive,1,premium,denver,US,AZ,86314,USD,-0.52,0.8587,EUR,-0.45,,
GPA.3316-7204-9051-83741,2021-10-23,5:18:22 AM PDT,,Charge,,Character Manager (Complete Reference for DnD 5),com.vansteinengroentjes.apps.ddfive,1,unlockcharactermanager,WSP_sprout,CH,,7220,CHF,5.6,0.9377,EUR,5.25,,
GPA.3316-7204-9051-83741,2021-10-23,5:18:22 AM PDT,,Google fee,,Character Manager (Complete Reference for DnD 5),com.vansteinengroentjes.apps.ddfive,1,unlockcharactermanager,WSP_sprout,CH,,7220,CHF,-0.84,0.9377,EUR,-0.79,,
GPA.3384-8618-3975-66566,2021-10-23,5:20:42 AM PDT,,Charge,,DM Tools (Complete Reference for DnD 5),com.vansteinengroentjes.apps.ddfive,1,premium,f2q,AU,,4350,AUD,4.35,0.64123,EUR,2.79,,
GPA.3384-8618-3975-66566,2021-10-23,5:20:42 AM PDT,,Google fee,,DM Tools (Complete Reference for DnD 5),com.vansteinengroentjes.apps.ddfive,1,premium,f2q,AU,,4350,AUD,-0.65,0.64123,EUR,-0.42,,
GPA.3340-2176-0110-76088,2021-10-23,2:38:22 PM PDT,,Charge,,Character Manager (Complete Reference for DnD 5),com.vansteinengroentjes.apps.ddfive,1,unlockcharactermanager,lake_n,US,OK,74338,USD,5.49,0.8587,EUR,4.71,,
GPA.3340-2176-0110-76088,2021-10-23,2:38:22 PM PDT,,Google fee,,Character Manager (Complete Reference for DnD 5),com.vansteinengroentjes.apps.ddfive,1,unlockcharactermanager,lake_n,US,OK,74338,USD,-0.82,0.8587,EUR,-0.7,,
GPA.3323-3468-2592-81049,2021-10-23,3:34:33 PM PDT,,Charge,,Character Manager (Complete Reference for DnD 5),com.vansteinengroentjes.apps.ddfive,1,unlockcharactermanager,redfin,CA,QC,J8G 2X5,CAD,7.49,0.69438,EUR,5.2,,
GPA.3323-3468-2592-81049,2021-10-23,3:34:33 PM PDT,,Google fee,,Character Manager (Complete Reference for DnD 5),com.vansteinengroentjes.apps.ddfive,1,unlockcharactermanager,redfin,CA,QC,J8G 2X5,CAD,-1.12,0.69438,EUR,-0.78,,
GPA.3378-3722-4701-55061,2021-10-23,4:25:20 PM PDT,,Charge,,DM Tools (Complete Reference for DnD 5),com.vansteinengroentjes.apps.ddfive,1,premium,t2q,US,MA,01949,USD,3.49,0.8587,EUR,3.0,,
GPA.3378-3722-4701-55061,2021-10-23,4:25:20 PM PDT,,Google fee,,DM Tools (Complete Reference for DnD 5),com.vansteinengroentjes.apps.ddfive,1,premium,t2q,US,MA,01949,USD,-0.52,0.8587,EUR,-0.45,,
GPA.3347-4293-3093-55797,2021-10-23,8:38:46 PM PDT,,Charge,,Character Manager (Complete Reference for DnD 5),com.vansteinengroentjes.apps.ddfive,1,unlockcharactermanager,onyx,CA,BC,V2K 1Z1,CAD,7.49,0.69438,EUR,5.2,,
GPA.3347-4293-3093-55797,2021-10-23,8:38:46 PM PDT,,Google fee,,Character Manager (Complete Reference for DnD 5),com.vansteinengroentjes.apps.ddfive,1,unlockcharactermanager,onyx,CA,BC,V2K 1Z1,CAD,-1.12,0.69438,EUR,-0.78,,
GPA.3363-8909-6119-90280,2021-10-23,11:25:45 PM PDT,,Charge,,Character Manager (Complete Reference for DnD 5),com.vansteinengroentjes.apps.ddfive,1,unlockcharactermanager,j7topeltevzw,US,WA,98528,USD,5.49,0.8587,EUR,4.71,,
GPA.3363-8909-6119-90280,2021-10-23,11:25:45 PM PDT,,Google fee,,Character Manager (Complete Reference for DnD 5),com.vansteinengroentjes.apps.ddfive,1,unlockcharactermanager,j7topeltevzw,US,WA,98528,USD,-0.82,0.8587,EUR,-0.7,,
GPA.3308-7306-7439-59002,2021-10-24,6:44:34 AM PDT,,Charge,,Character Manager (Complete Reference for DnD 5),com.vansteinengroentjes.apps.ddfive,1,unlockcharactermanager,raphael,DE,,96250,EUR,3.56,1.0,EUR,3.56,,
GPA.3322-2180-8463-95190,2021-10-24,10:17:26 AM PDT,,Charge,,Character Manager (Complete Reference for DnD 5),com.vansteinengroentjes.apps.ddfive,1,unlockcharactermanager,begonia,GB,,ST5 6RG,GBP,2.97,1.1812,EUR,3.51,,
GPA.3352-9203-0045-01745,2021-10-24,1:37:43 PM PDT,,Charge,,Character Manager (Complete Reference for DnD 5),com.vansteinengroentjes.apps.ddfive,1,unlockcharactermanager,r8q,US,MS,39654,USD,5.49,0.8596,EUR,4.72,,
GPA.3352-9203-0045-01745,2021-10-24,1:37:43 PM PDT,,Google fee,,Character Manager (Complete Reference for DnD 5),com.vansteinengroentjes.apps.ddfive,1,unlockcharactermanager,r8q,US,MS,39654,USD,-0.82,0.8596,EUR,-0.7,,
GPA.3394-2674-3089-85564,2021-10-24,1:47:42 PM PDT,,Charge,,Character Manager (Complete Reference for DnD 5),com.vansteinengroentjes.apps.ddfive,1,unlockcharactermanager,borneo,US,OR,97220,USD,5.49,0.8596,EUR,4.72,,
GPA.3394-2674-3089-85564,2021-10-24,1:47:42 PM PDT,,Google fee,,Character Manager (Complete Reference for DnD 5),com.vansteinengroentjes.apps.ddfive,1,unlockcharactermanager,borneo,US,OR,97220,USD,-0.82,0.8596,EUR,-0.7,,
GPA.3342-2946-8382-70759,2021-10-24,2:13:18 PM PDT,,Charge,,DM Tools (Complete Reference for DnD 5),com.vansteinengroentjes.apps.ddfive,1,premium,c1q,US,OR,97080,USD,3.49,0.85905,EUR,3.0,,
GPA.3342-2946-8382-70759,2021-10-24,2:13:18 PM PDT,,Google fee,,DM Tools (Complete Reference for DnD 5),com.vansteinengroentjes.apps.ddfive,1,premium,c1q,US,OR,97080,USD,-0.52,0.85905,EUR,-0.45,,
GPA.3338-4596-9415-41009,2021-10-24,2:28:45 PM PDT,,Charge,,Character Manager (Complete Reference for DnD 5),com.vansteinengroentjes.apps.ddfive,1,unlockcharactermanager,Elite_C55,US,MD,21804,USD,5.49,0.85905,EUR,4.72,,
GPA.3338-4596-9415-41009,2021-10-24,2:28:45 PM PDT,,Google fee,,Character Manager (Complete Reference for DnD 5),com.vansteinengroentjes.apps.ddfive,1,unlockcharactermanager,Elite_C55,US,MD,21804,USD,-0.82,0.85905,EUR,-0.7,,
GPA.3366-8567-5797-21305,2021-10-24,2:29:08 PM PDT,,Charge,,DM Tools (Complete Reference for DnD 5),com.vansteinengroentjes.apps.ddfive,1,premium,Elite_C55,US,MD,21804,USD,3.49,0.85905,EUR,3.0,,
GPA.3366-8567-5797-21305,2021-10-24,2:29:08 PM PDT,,Google fee,,DM Tools (Complete Reference for DnD 5),com.vansteinengroentjes.apps.ddfive,1,premium,Elite_C55,US,MD,21804,USD,-0.52,0.85905,EUR,-0.45,,
GPA.3371-3604-4375-01968,2021-10-24,2:34:01 PM PDT,,Charge,,Character Manager (Complete Reference for DnD 5),com.vansteinengroentjes.apps.ddfive,1,unlockcharactermanager,willow,IT,RN,47838,EUR,3.48,1.0,EUR,3.48,,
GPA.3353-4242-3755-20332,2021-10-24,3:03:27 PM PDT,,Charge,,Character Manager (Complete Reference for DnD 5),com.vansteinengroentjes.apps.ddfive,1,unlockcharactermanager,a51,US,KY,42240,USD,5.49,0.859,EUR,4.72,,
GPA.3353-4242-3755-20332,2021-10-24,3:03:27 PM PDT,,Google fee,,Character Manager (Complete Reference for DnD 5),com.vansteinengroentjes.apps.ddfive,1,unlockcharactermanager,a51,US,KY,42240,USD,-0.82,0.859,EUR,-0.7,,
GPA.3379-7147-6024-80640,2021-10-25,4:46:01 AM PDT,,Charge,,DM Tools (Complete Reference for DnD 5),com.vansteinengroentjes.apps.ddfive,1,premium,starqltesq,US,MI,49534,USD,3.49,0.86015,EUR,3.0,,
GPA.3379-7147-6024-80640,2021-10-25,4:46:01 AM PDT,,Google fee,,DM Tools (Complete Reference for DnD 5),com.vansteinengroentjes.apps.ddfive,1,premium,starqltesq,US,MI,49534,USD,-0.52,0.86015,EUR,-0.45,,
GPA.3326-5153-8342-13518,2021-10-25,4:46:43 AM PDT,,Charge,,Character Manager (Complete Reference for DnD 5),com.vansteinengroentjes.apps.ddfive,1,unlockcharactermanager,starqltesq,US,MI,49534,USD,5.49,0.86015,EUR,4.72,,
GPA.3326-5153-8342-13518,2021-10-25,4:46:43 AM PDT,,Google fee,,Character Manager (Complete Reference for DnD 5),com.vansteinengroentjes.apps.ddfive,1,unlockcharactermanager,starqltesq,US,MI,49534,USD,-0.82,0.86015,EUR,-0.71,,
GPA.3387-0948-8585-49549,2021-10-25,9:12:31 AM PDT,,Charge,,Character Manager (Complete Reference for DnD 5),com.vansteinengroentjes.apps.ddfive,1,unlockcharactermanager,sunfish,US,SC,29404,USD,5.49,0.86115,EUR,4.73,,
GPA.3387-0948-8585-49549,2021-10-25,9:12:31 AM PDT,,Google fee,,Character Manager (Complete Reference for DnD 5),com.vansteinengroentjes.apps.ddfive,1,unlockcharactermanager,sunfish,US,SC,29404,USD,-0.82,0.86115,EUR,-0.71,,
GPA.3346-0321-4550-28509,2021-10-25,9:15:06 AM PDT,,Charge,,DM Tools (Complete Reference for DnD 5),com.vansteinengroentjes.apps.ddfive,1,premium,cv7as,US,WA,99006,USD,3.49,0.86115,EUR,3.01,,
GPA.3346-0321-4550-28509,2021-10-25,9:15:06 AM PDT,,Google fee,,DM Tools (Complete Reference for DnD 5),com.vansteinengroentjes.apps.ddfive,1,premium,cv7as,US,WA,99006,USD,-0.52,0.86115,EUR,-0.45,,
GPA.3369-4593-5825-83632,2021-10-25,11:09:41 AM PDT,,Charge,,DM Tools (Complete Reference for DnD 5),com.vansteinengroentjes.apps.ddfive,1,premium,willow,GR,,17236,EUR,2.05,1.0,EUR,2.05,,
GPA.3391-0186-9738-51587,2021-10-25,11:12:09 AM PDT,,Charge,,Character Manager (Complete Reference for DnD 5),com.vansteinengroentjes.apps.ddfive,1,unlockcharactermanager,willow,GR,,17236,EUR,3.42,1.0,EUR,3.42,,
GPA.3316-2140-1767-09572,2021-10-25,12:11:13 PM PDT,,Charge,,DM Tools (Complete Reference for DnD 5),com.vansteinengroentjes.apps.ddfive,1,premium,a52xq,CA,AB,T8S 1C8,CAD,4.49,0.69534,EUR,3.12,,
GPA.3316-2140-1767-09572,2021-10-25,12:11:13 PM PDT,,Google fee,,DM Tools (Complete Reference for DnD 5),com.vansteinengroentjes.apps.ddfive,1,premium,a52xq,CA,AB,T8S 1C8,CAD,-0.67,0.69534,EUR,-0.47,,
GPA.3375-8456-7930-14094,2021-10-25,4:45:01 PM PDT,,Charge,,Character Manager (Complete Reference for DnD 5),com.vansteinengroentjes.apps.ddfive,1,unlockcharactermanager,greatqlte,US,NC,28684,USD,5.49,0.86115,EUR,4.73,,
GPA.3375-8456-7930-14094,2021-10-25,4:45:01 PM PDT,,Google fee,,Character Manager (Complete Reference for DnD 5),com.vansteinengroentjes.apps.ddfive,1,unlockcharactermanager,greatqlte,US,NC,28684,USD,-0.82,0.86115,EUR,-0.71,,
GPA.3306-5103-0845-79730,2021-10-25,6:47:51 PM PDT,,Charge,,Character Manager (Complete Reference for DnD 5),com.vansteinengroentjes.apps.ddfive,1,unlockcharactermanager,p3q,US,CA,92543,USD,5.49,0.86135,EUR,4.73,,
GPA.3306-5103-0845-79730,2021-10-25,6:47:51 PM PDT,,Google fee,,Character Manager (Complete Reference for DnD 5),com.vansteinengroentjes.apps.ddfive,1,unlockcharactermanager,p3q,US,CA,92543,USD,-0.82,0.86135,EUR,-0.71,,
GPA.3345-1747-2232-39203,2021-10-25,6:48:07 PM PDT,,Charge,,DM Tools (Complete Reference for DnD 5),com.vansteinengroentjes.apps.ddfive,1,premium,p3q,US,CA,92543,USD,3.49,0.86135,EUR,3.01,,
GPA.3345-1747-2232-39203,2021-10-25,6:48:07 PM PDT,,Google fee,,DM Tools (Complete Reference for DnD 5),com.vansteinengroentjes.apps.ddfive,1,premium,p3q,US,CA,92543,USD,-0.52,0.86135,EUR,-0.45,,
GPA.3302-0745-8885-06860,2021-10-25,8:10:34 PM PDT,,Charge,,Character Manager (Complete Reference for DnD 5),com.vansteinengroentjes.apps.ddfive,1,unlockcharactermanager,d2q,US,OK,73093,USD,5.49,0.8618,EUR,4.73,,
GPA.3302-0745-8885-06860,2021-10-25,8:10:34 PM PDT,,Google fee,,Character Manager (Complete Reference for DnD 5),com.vansteinengroentjes.apps.ddfive,1,unlockcharactermanager,d2q,US,OK,73093,USD,-0.82,0.8618,EUR,-0.71,,
GPA.3397-1143-0431-78283,2021-10-25,8:10:47 PM PDT,,Charge,,DM Tools (Complete Reference for DnD 5),com.vansteinengroentjes.apps.ddfive,1,premium,d2q,US,OK,73093,USD,3.49,0.8618,EUR,3.01,,
GPA.3397-1143-0431-78283,2021-10-25,8:10:47 PM PDT,,Google fee,,DM Tools (Complete Reference for DnD 5),com.vansteinengroentjes.apps.ddfive,1,premium,d2q,US,OK,73093,USD,-0.52,0.8618,EUR,-0.45,,
GPA.3386-2698-5933-73538,2021-10-25,11:26:42 PM PDT,,Charge,,Character Manager (Complete Reference for DnD 5),com.vansteinengroentjes.apps.ddfive,1,unlockcharactermanager,hero2qltevzw,US,IN,46368,USD,5.49,0.8618,EUR,4.73,,
GPA.3386-2698-5933-73538,2021-10-25,11:26:42 PM PDT,,Google fee,,Character Manager (Complete Reference for DnD 5),com.vansteinengroentjes.apps.ddfive,1,unlockcharactermanager,hero2qltevzw,US,IN,46368,USD,-0.82,0.8618,EUR,-0.71,,
GPA.3390-8381-6115-43085,2021-10-26,1:54:53 AM PDT,,Charge,,Character Manager (Complete Reference for DnD 5),com.vansteinengroentjes.apps.ddfive,1,unlockcharactermanager,starqltesq,US,CA,93307,USD,5.49,0.8617,EUR,4.73,,
GPA.3390-8381-6115-43085,2021-10-26,1:54:53 AM PDT,,Google fee,,Character Manager (Complete Reference for DnD 5),com.vansteinengroentjes.apps.ddfive,1,unlockcharactermanager,starqltesq,US,CA,93307,USD,-0.82,0.8617,EUR,-0.71,,
GPA.3318-0082-7179-45799,2021-10-26,7:29:43 AM PDT,,Charge,,DM Tools (Complete Reference for DnD 5),com.vansteinengroentjes.apps.ddfive,1,premium,joyeuse,GR,,15122,EUR,2.05,1.0,EUR,2.05,,
GPA.3302-8106-8322-59669,2021-10-26,9:37:34 AM PDT,,Charge,,Character Manager (Complete Reference for DnD 5),com.vansteinengroentjes.apps.ddfive,1,unlockcharactermanager,starqltesq,US,MI,48042,USD,5.49,0.86245,EUR,4.73,,
GPA.3302-8106-8322-59669,2021-10-26,9:37:34 AM PDT,,Google fee,,Character Manager (Complete Reference for DnD 5),com.vansteinengroentjes.apps.ddfive,1,unlockcharactermanager,starqltesq,US,MI,48042,USD,-0.82,0.86245,EUR,-0.71,,
GPA.3352-2749-7297-83894,2021-10-26,10:18:28 AM PDT,,Charge,,Character Manager (Complete Reference for DnD 5),com.vansteinengroentjes.apps.ddfive,1,unlockcharactermanager,r8q,US,NH,03773,USD,5.49,0.86305,EUR,4.74,,
GPA.3352-2749-7297-83894,2021-10-26,10:18:28 AM PDT,,Google fee,,Character Manager (Complete Reference for DnD 5),com.vansteinengroentjes.apps.ddfive,1,unlockcharactermanager,r8q,US,NH,03773,USD,-0.82,0.86305,EUR,-0.71,,
GPA.3385-9478-7843-22409,2021-10-26,12:24:07 PM PDT,,Charge,,Character Manager (Complete Reference for DnD 5),com.vansteinengroentjes.apps.ddfive,1,unlockcharactermanager,p3q,US,KY,40601,USD,5.49,0.8623,EUR,4.73,,
GPA.3385-9478-7843-22409,2021-10-26,12:24:07 PM PDT,,Google fee,,Character Manager (Complete Reference for DnD 5),com.vansteinengroentjes.apps.ddfive,1,unlockcharactermanager,p3q,US,KY,40601,USD,-0.82,0.8623,EUR,-0.71,,
GPA.3303-7034-7801-65270,2021-10-26,1:55:25 PM PDT,,Charge,,Character Manager (Complete Reference for DnD 5),com.vansteinengroentjes.apps.ddfive,1,unlockcharactermanager,p3q,CA,ON,L5N 2C1,CAD,7.49,0.69619,EUR,5.21,,
GPA.3303-7034-7801-65270,2021-10-26,1:55:25 PM PDT,,Google fee,,Character Manager (Complete Reference for DnD 5),com.vansteinengroentjes.apps.ddfive,1,unlockcharactermanager,p3q,CA,ON,L5N 2C1,CAD,-1.12,0.69619,EUR,-0.78,,
GPA.3319-9730-9396-30358,2021-10-26,8:38:33 PM PDT,,Charge,,DM Tools (Complete Reference for DnD 5),com.vansteinengroentjes.apps.ddfive,1,premium,rjames_go,US,KY,42459,USD,3.49,0.8621,EUR,3.01,,
GPA.3319-9730-9396-30358,2021-10-26,8:38:33 PM PDT,,Google fee,,DM Tools (Complete Reference for DnD 5),com.vansteinengroentjes.apps.ddfive,1,premium,rjames_go,US,KY,42459,USD,-0.52,0.8621,EUR,-0.45,,
GPA.3386-2698-5933-73538,2021-10-26,10:26:50 PM PDT,,Charge refund,Full,Character Manager (Complete Reference for DnD 5),com.vansteinengroentjes.apps.ddfive,1,unlockcharactermanager,hero2qltevzw,US,IN,46368,USD,-5.49,0.8618,EUR,-4.73,,
GPA.3386-2698-5933-73538,2021-10-26,10:26:50 PM PDT,,Google fee refund,Full,Character Manager (Complete Reference for DnD 5),com.vansteinengroentjes.apps.ddfive,1,unlockcharactermanager,hero2qltevzw,US,IN,46368,USD,0.82,0.8618,EUR,0.71,,
GPA.3384-3747-7381-26441,2021-10-27,7:19:22 AM PDT,,Charge,,Character Manager (Complete Reference for DnD 5),com.vansteinengroentjes.apps.ddfive,1,unlockcharactermanager,beyond2q,US,TX,77450,USD,5.49,0.86095,EUR,4.73,,
GPA.3384-3747-7381-26441,2021-10-27,7:19:22 AM PDT,,Google fee,,Character Manager (Complete Reference for DnD 5),com.vansteinengroentjes.apps.ddfive,1,unlockcharactermanager,beyond2q,US,TX,77450,USD,-0.82,0.86095,EUR,-0.71,,
GPA.3332-7043-8177-35042,2021-10-27,7:19:42 AM PDT,,Charge,,DM Tools (Complete Reference for DnD 5),com.vansteinengroentjes.apps.ddfive,1,premium,beyond2q,US,TX,77450,USD,3.49,0.86095,EUR,3.0,,
GPA.3332-7043-8177-35042,2021-10-27,7:19:42 AM PDT,,Google fee,,DM Tools (Complete Reference for DnD 5),com.vansteinengroentjes.apps.ddfive,1,premium,beyond2q,US,TX,77450,USD,-0.52,0.86095,EUR,-0.45,,
GPA.3380-4833-4194-10571,2021-10-27,8:45:02 AM PDT,,Charge,,Character Manager (Complete Reference for DnD 5),com.vansteinengroentjes.apps.ddfive,1,unlockcharactermanager,a20p,US,ME,04461,USD,5.49,0.86075,EUR,4.73,,
GPA.3380-4833-4194-10571,2021-10-27,8:45:02 AM PDT,,Google fee,,Character Manager (Complete Reference for DnD 5),com.vansteinengroentjes.apps.ddfive,1,unlockcharactermanager,a20p,US,ME,04461,USD,-0.82,0.86075,EUR,-0.71,,
GPA.3384-4813-7629-65280,2021-10-27,6:06:48 PM PDT,,Charge,,Character Manager (Complete Reference for DnD 5),com.vansteinengroentjes.apps.ddfive,1,unlockcharactermanager,x1s,GB,,OX3 7EJ,GBP,2.97,1.1839,EUR,3.52,,
GPA.3315-6325-4943-58329,2021-10-27,7:02:55 PM PDT,,Charge,,DM Tools (Complete Reference for DnD 5),com.vansteinengroentjes.apps.ddfive,1,premium,r8s,AU,,5095,AUD,4.35,0.64651,EUR,2.81,,
GPA.3315-6325-4943-58329,2021-10-27,7:02:55 PM PDT,,Google fee,,DM Tools (Complete Reference for DnD 5),com.vansteinengroentjes.apps.ddfive,1,premium,r8s,AU,,5095,AUD,-0.65,0.64651,EUR,-0.42,,
GPA.3373-1627-1437-29229,2021-10-28,5:15:09 AM PDT,,Charge,,DM Tools (Complete Reference for DnD 5),com.vansteinengroentjes.apps.ddfive,1,premium,cv3,US,MA,02601,USD,3.49,0.8626,EUR,3.01,,
GPA.3373-1627-1437-29229,2021-10-28,5:15:09 AM PDT,,Google fee,,DM Tools (Complete Reference for DnD 5),com.vansteinengroentjes.apps.ddfive,1,premium,cv3,US,MA,02601,USD,-0.52,0.8626,EUR,-0.45,,
GPA.3362-9275-2208-05596,2021-10-28,5:46:28 AM PDT,,Charge,,Character Manager (Complete Reference for DnD 5),com.vansteinengroentjes.apps.ddfive,1,unlockcharactermanager,foles,US,AZ,85326,USD,5.49,0.8626,EUR,4.74,,
GPA.3362-9275-2208-05596,2021-10-28,5:46:28 AM PDT,,Google fee,,Character Manager (Complete Reference for DnD 5),com.vansteinengroentjes.apps.ddfive,1,unlockcharactermanager,foles,US,AZ,85326,USD,-0.82,0.8626,EUR,-0.71,,
GPA.3347-4311-6967-30106,2021-10-28,6:18:45 AM PDT,,Charge,,Character Manager (Complete Reference for DnD 5),com.vansteinengroentjes.apps.ddfive,1,unlockcharactermanager,dreamqltesq,US,MO,63023,USD,5.49,0.86225,EUR,4.73,,
GPA.3347-4311-6967-30106,2021-10-28,6:18:45 AM PDT,,Google fee,,Character Manager (Complete Reference for DnD 5),com.vansteinengroentjes.apps.ddfive,1,unlockcharactermanager,dreamqltesq,US,MO,63023,USD,-0.82,0.86225,EUR,-0.71,,
GPA.3384-5913-3756-73180,2021-10-28,6:47:07 AM PDT,,Charge,,Character Manager (Complete Reference for DnD 5),com.vansteinengroentjes.apps.ddfive,1,unlockcharactermanager,p3q,US,OH,45662,USD,5.49,0.86225,EUR,4.73,,
GPA.3384-5913-3756-73180,2021-10-28,6:47:07 AM PDT,,Google fee,,Character Manager (Complete Reference for DnD 5),com.vansteinengroentjes.apps.ddfive,1,unlockcharactermanager,p3q,US,OH,45662,USD,-0.82,0.86225,EUR,-0.71,,
GPA.3300-6782-2663-66934,2021-10-28,8:23:50 AM PDT,,Charge,,Character Manager (Complete Reference for DnD 5),com.vansteinengroentjes.apps.ddfive,1,unlockcharactermanager,borneo,US,PA,16041,USD,5.49,0.8577,EUR,4.71,,
GPA.3300-6782-2663-66934,2021-10-28,8:23:50 AM PDT,,Google fee,,Character Manager (Complete Reference for DnD 5),com.vansteinengroentjes.apps.ddfive,1,unlockcharactermanager,borneo,US,PA,16041,USD,-0.82,0.8577,EUR,-0.7,,
GPA.3312-9471-2549-15219,2021-10-28,9:55:51 AM PDT,,Charge,,DM Tools (Complete Reference for DnD 5),com.vansteinengroentjes.apps.ddfive,1,premium,OnePlus8Pro,NL,,5924CV,EUR,2.1,1.0,EUR,2.1,,
GPA.3364-5248-0698-21326,2021-10-28,5:23:33 PM PDT,,Charge,,DM Tools (Complete Reference for DnD 5),com.vansteinengroentjes.apps.ddfive,1,premium,OnePlusN100TMO,US,GA,30213,USD,3.49,0.85585,EUR,2.99,,
GPA.3364-5248-0698-21326,2021-10-28,5:23:33 PM PDT,,Google fee,,DM Tools (Complete Reference for DnD 5),com.vansteinengroentjes.apps.ddfive,1,premium,OnePlusN100TMO,US,GA,30213,USD,-0.52,0.85585,EUR,-0.45,,
GPA.3302-6931-4842-72804,2021-10-28,5:42:28 PM PDT,,Charge,,Character Manager (Complete Reference for DnD 5),com.vansteinengroentjes.apps.ddfive,1,unlockcharactermanager,a20s,US,MO,64444,USD,5.49,0.85585,EUR,4.7,,
GPA.3302-6931-4842-72804,2021-10-28,5:42:28 PM PDT,,Google fee,,Character Manager (Complete Reference for DnD 5),com.vansteinengroentjes.apps.ddfive,1,unlockcharactermanager,a20s,US,MO,64444,USD,-0.82,0.85585,EUR,-0.7,,
GPA.3398-1772-9481-32302,2021-10-29,1:07:24 AM PDT,,Charge,,Character Manager (Complete Reference for DnD 5),com.vansteinengroentjes.apps.ddfive,1,unlockcharactermanager,sofiap,US,MO,63901,USD,5.49,0.85725,EUR,4.71,,
GPA.3398-1772-9481-32302,2021-10-29,1:07:24 AM PDT,,Google fee,,Character Manager (Complete Reference for DnD 5),com.vansteinengroentjes.apps.ddfive,1,unlockcharactermanager,sofiap,US,MO,63901,USD,-0.82,0.85725,EUR,-0.7,,
GPA.3336-4042-4086-28249,2021-10-29,6:45:19 AM PDT,,Charge,,DM Tools (Complete Reference for DnD 5),com.vansteinengroentjes.apps.ddfive,1,premium,sunfish,US,TX,76036,USD,3.49,0.85855,EUR,3.0,,
GPA.3336-4042-4086-28249,2021-10-29,6:45:19 AM PDT,,Google fee,,DM Tools (Complete Reference for DnD 5),com.vansteinengroentjes.apps.ddfive,1,premium,sunfish,US,TX,76036,USD,-0.52,0.85855,EUR,-0.45,,
GPA.3328-1714-3759-76693,2021-10-29,6:45:59 AM PDT,,Charge,,Character Manager (Complete Reference for DnD 5),com.vansteinengroentjes.apps.ddfive,1,unlockcharactermanager,sunfish,US,TX,76036,USD,5.49,0.85855,EUR,4.71,,
GPA.3328-1714-3759-76693,2021-10-29,6:45:59 AM PDT,,Google fee,,Character Manager (Complete Reference for DnD 5),com.vansteinengroentjes.apps.ddfive,1,unlockcharactermanager,sunfish,US,TX,76036,USD,-0.82,0.85855,EUR,-0.7,,
GPA.3349-4640-4959-23325,2021-10-29,11:26:21 AM PDT,,Charge,,Character Manager (Complete Reference for DnD 5),com.vansteinengroentjes.apps.ddfive,1,unlockcharactermanager,beyond0q,US,OH,45662,USD,5.49,0.8666,EUR,4.76,,
GPA.3349-4640-4959-23325,2021-10-29,11:26:21 AM PDT,,Google fee,,Character Manager (Complete Reference for DnD 5),com.vansteinengroentjes.apps.ddfive,1,unlockcharactermanager,beyond0q,US,OH,45662,USD,-0.82,0.8666,EUR,-0.71,,
GPA.3339-4559-6386-33232,2021-10-30,2:10:34 AM PDT,,Charge,,DM Tools (Complete Reference for DnD 5),com.vansteinengroentjes.apps.ddfive,1,premium,HWBKL,FR,,69007,EUR,2.12,1.0,EUR,2.12,,
GPA.3373-6032-1912-20047,2021-10-30,9:01:57 AM PDT,,Charge,,DM Tools (Complete Reference for DnD 5),com.vansteinengroentjes.apps.ddfive,1,premium,beyond0q,US,AR,71953,USD,3.49,0.86495,EUR,3.02,,
GPA.3373-6032-1912-20047,2021-10-30,9:01:57 AM PDT,,Google fee,,DM Tools (Complete Reference for DnD 5),com.vansteinengroentjes.apps.ddfive,1,premium,beyond0q,US,AR,71953,USD,-0.52,0.86495,EUR,-0.45,,
GPA.3381-4566-8854-97285,2021-10-30,2:49:30 PM PDT,,Charge,,Character Manager (Complete Reference for DnD 5),com.vansteinengroentjes.apps.ddfive,1,unlockcharactermanager,r8q,CA,QC,G8Y 1N7,CAD,7.49,0.69819,EUR,5.23,,
GPA.3381-4566-8854-97285,2021-10-30,2:49:30 PM PDT,,Google fee,,Character Manager (Complete Reference for DnD 5),com.vansteinengroentjes.apps.ddfive,1,unlockcharactermanager,r8q,CA,QC,G8Y 1N7,CAD,-1.12,0.69819,EUR,-0.78,,
GPA.3386-0776-3884-95670,2021-10-30,3:51:44 PM PDT,,Charge,,Character Manager (Complete Reference for DnD 5),com.vansteinengroentjes.apps.ddfive,1,unlockcharactermanager,J8110,GB,,FK2 8DD,GBP,2.97,1.184,EUR,3.52,,
GPA.3355-7167-6321-35003,2021-10-30,6:19:06 PM PDT,,Charge,,Character Manager (Complete Reference for DnD 5),com.vansteinengroentjes.apps.ddfive,1,unlockcharactermanager,beyond2q,US,CA,93737,USD,5.49,0.86495,EUR,4.75,,
GPA.3355-7167-6321-35003,2021-10-30,6:19:06 PM PDT,,Google fee,,Character Manager (Complete Reference for DnD 5),com.vansteinengroentjes.apps.ddfive,1,unlockcharactermanager,beyond2q,US,CA,93737,USD,-0.82,0.86495,EUR,-0.71,,
GPA.3389-9729-9374-76343,2021-10-30,8:12:48 PM PDT,,Charge,,Character Manager (Complete Reference for DnD 5),com.vansteinengroentjes.apps.ddfive,1,unlockcharactermanager,raven,US,OK,74132,USD,5.49,0.86495,EUR,4.75,,
GPA.3389-9729-9374-76343,2021-10-30,8:12:48 PM PDT,,Google fee,,Character Manager (Complete Reference for DnD 5),com.vansteinengroentjes.apps.ddfive,1,unlockcharactermanager,raven,US,OK,74132,USD,-0.82,0.86495,EUR,-0.71,,
GPA.3318-3596-1289-37801,2021-10-31,11:55:57 AM PDT,,Charge,,DM Tools (Complete Reference for DnD 5),com.vansteinengroentjes.apps.ddfive,1,premium,a01q,US,PA,17535,USD,3.49,0.86495,EUR,3.02,,
GPA.3318-3596-1289-37801,2021-10-31,11:55:57 AM PDT,,Google fee,,DM Tools (Complete Reference for DnD 5),com.vansteinengroentjes.apps.ddfive,1,premium,a01q,US,PA,17535,USD,-0.52,0.86495,EUR,-0.45,,
GPA.3366-8179-1821-10707,2021-10-31,11:56:18 AM PDT,,Charge,,Character Manager (Complete Reference for DnD 5),com.vansteinengroentjes.apps.ddfive,1,unlockcharactermanager,a01q,US,PA,17535,USD,5.49,0.86495,EUR,4.75,,
GPA.3366-8179-1821-10707,2021-10-31,11:56:18 AM PDT,,Google fee,,Character Manager (Complete Reference for DnD 5),com.vansteinengroentjes.apps.ddfive,1,unlockcharactermanager,a01q,US,PA,17535,USD,-0.82,0.86495,EUR,-0.71,,
GPA.3341-8157-0136-90902,2021-10-31,12:07:18 PM PDT,,Charge,,Character Manager (Complete Reference for DnD 5),com.vansteinengroentjes.apps.ddfive,1,unlockcharactermanager,redfin,US,IA,50010,USD,5.49,0.86495,EUR,4.75,,
GPA.3341-8157-0136-90902,2021-10-31,12:07:18 PM PDT,,Google fee,,Character Manager (Complete Reference for DnD 5),com.vansteinengroentjes.apps.ddfive,1,unlockcharactermanager,redfin,US,IA,50010,USD,-0.82,0.86495,EUR,-0.71,,
GPA.3306-5200-3128-58136,2021-10-31,1:00:02 PM PDT,,Charge,,Character Manager (Complete Reference for DnD 5),com.vansteinengroentjes.apps.ddfive,1,unlockcharactermanager,y2q,US,LA,71112,USD,5.49,0.86565,EUR,4.75,,
GPA.3306-5200-3128-58136,2021-10-31,1:00:02 PM PDT,,Google fee,,Character Manager (Complete Reference for DnD 5),com.vansteinengroentjes.apps.ddfive,1,unlockcharactermanager,y2q,US,LA,71112,USD,-0.82,0.86565,EUR,-0.71,,
GPA.3306-2857-8955-23777,2021-10-31,1:19:37 PM PDT,,Charge,,Character Manager (Complete Reference for DnD 5),com.vansteinengroentjes.apps.ddfive,1,unlockcharactermanager,redfin,US,MI,48867,USD,5.49,0.86565,EUR,4.75,,
GPA.3306-2857-8955-23777,2021-10-31,1:19:37 PM PDT,,Google fee,,Character Manager (Complete Reference for DnD 5),com.vansteinengroentjes.apps.ddfive,1,unlockcharactermanager,redfin,US,MI,48867,USD,-0.82,0.86565,EUR,-0.71,,
